league_id, league_name, league_name_ko, logo_url
39, Premier League, 잉글랜드 프리미어 리그, https://upload.wikimedia.org/wikipedia/en/thumb/f/f2/Premier_League_Logo.svg/3840px-Premier_League_Logo.svg.png
40, EFL Championship, EFL 챔피언십,
41, EFL League One, EFL 리그 원,
42, EFL League Two, EFL 리그 투,
43, National League, 내셔널 리그, https://upload.wikimedia.org/wikipedia/commons/a/a0/Enterprise-National-League-Colour-Badged.png
50, National League North, 내셔널 리그 노스, https://upload.wikimedia.org/wikipedia/commons/e/e0/Enterprise-National-League-North-Colour-Badged.png
51, National League South, 내셔널 리그 사우스, https://upload.wikimedia.org/wikipedia/commons/c/cc/Enterprise-National-League-South-Colour-Badged.png
984, National League North Playoffs, 내셔널 리그 노스 승격 플레이오프, https://upload.wikimedia.org/wikipedia/commons/e/e0/Enterprise-National-League-North-Colour-Badged.png
985, National League South Playoffs, 내셔널 리그 사우스 승격 플레이오프, https://upload.wikimedia.org/wikipedia/commons/c/cc/Enterprise-National-League-South-Colour-Badged.png
45, FA Cup, FA 컵
48, EFL Cup, EFL 컵
47, FA Trophy, FA 트로피
46, EFL Trophy, EFL 트로피
528, Community Shield, 커뮤니티 실드
140, La Liga, 프리메라리가
141, Segunda División, 세군다 디비시온
143, Copa del Rey, 코파 델 레이
556, Supercopa de España, 수페르코파 데 에스파냐
135, Serie A, 세리에 A
136, Serie B, 세리에 B
137, Coppa Italia, 코파 이탈리아
547, Supercoppa Italiana, 수페르코파 이탈리아나
78, Bundesliga, 분데스리가
79, 2. Bundesliga, 2. 분데스리가
81, DFB-Pokal, DFB-포칼
529, Franz Beckenbauer Supercup, 프란츠 베켄바워 슈퍼컵
61, Ligue 1, 리그 1
62, Ligue 2, 리그 2
66, Coupe de France, 쿠프 드 프랑스
526, Trophée des Champions, 트로페 데 샹피옹
235, Premier League, 러시아 프리미어 리그
236, First League, 러시아 퍼스트 리그, https://i.namu.wiki/i/vv-vdfrHnljtll1NxMlVXpZmVqX9AbPs-EpR-Ly9CGYOrZUqvulnDtxPRwWR3wNMbrQjCf5QZAvaERFZPFP-_H9LzWpqrjZ_jSZkoMWrtMrx-hROxkJMOkrlfOTYkeeyz6WuBrXL4R1yZrdX0uiFBw.svg
1025, Russian Second League Division A Group Gold, 러시아 퍼스트 리그 디비전 A 금 그룹
1026, Russian Second League Division A Group Silver, 러시아 퍼스트 리그 디비전 A 은 그룹
651, Russian Second League Division B Group 1, 러시아 세컨드 리그 디비전 B 그룹 1
652, Russian Second League Division B Group 2, 러시아 세컨드 리그 디비전 B 그룹 2
650, Russian Second League Division B Group 3, 러시아 세컨드 리그 디비전 B 그룹 3
653, Russian Second League Division B Group 4, 러시아 세컨드 리그 디비전 B 그룹 4
237, Kubok Rossii, 러시아 컵, https://upload.wikimedia.org/wikipedia/ru/8/8a/Fonbet_Russian_Cup.png
633, Super Cup, 러시아 슈퍼컵
294, Korea Cup, 코리아 컵, https://i.namu.wiki/i/JJTVB6lmLfaiVmhbyss1vSa0DnXlpZkBXPnAIxOPSRCqkidyl1dL55EMmXY0uoebmaRy4PU9VyD0vYDxq8jiNmoEN_rSWZWHSIKOo40Gq6VMWS-W93TGYCz-mBV3Eyvt6cw4NUdXMYDovQtK5HZu9Q.svg
292, K League 1, K리그1, https://i.namu.wiki/i/z-qVLkPL4D7IYA2jpi2kkTuKKnl-tfpxlnHEi311Rh--PawcgsKihZnpX8dbpboYCmfG4-TYtIELyzoFv_oaoPR2_IWqNI5VuMdjb2EogTEnf4UtHxslNCtO-yB_7BcpRfmGb_VfofqgjRjTM9ohLw.svg
293, K League 2, K리그2, https://i.namu.wiki/i/5lZXpO3WE95Vx5YcG83N6LMqBJT9l4w9y_-CfJ121RJD5bVkCibt3jzAHAzZ4UGfLXTIncBGjGcu8NuGe-OklIyk0CIH_oHlbMbfLOfUZj4MyoMT8Gc6TfSrsyC5kpDWlaup8VuQyVxrYcrMRuPc7g.svg
295, K3 League, K3리그, https://i.namu.wiki/i/qnTEwSYkVTKPAGyVUhzk7k-EnF1b8V1zxFcXlBCHtqbPaxhhcsmaUpIzDIogtLOHTt_MNKoJ7KNokEf_0_JgUafwuhrd_Vju3KdvGS2XdPAlDbUdNR8xhUGXE3oJ2QZd2CLoBRtJGQZO2Iw4qDu2HQ.svg
102, Emperor Cup, 일왕컵
101, J-League Cup, J리그 컵
98, J1 League, J1리그
99, J2 League, J2리그
100, J3 League, J3리그
548, Super Cup, 일본 슈퍼컵
15, FIFA Club World Cup, FIFA 클럽 월드컵
1168, FIFA Intercontinental Cup, FIFA 인터컨티넨탈 컵
1217, FIFA Women's Champions Cup, FIFA 위민스 챔피언스 컵
1222, FIFA Series, FIFA 시리즈
4, Euro Championship, UEFA 유러피언 챔피언십
960, Euro Championship - Qualification, 유로 예선
848, UEFA Europa Conference League, UEFA 컨퍼런스 리그
3, UEFA Europa League, UEFA 유로파 리그
2, UEFA Champions League, UEFA 챔피언스 리그
525, UEFA Champions League Women, UEFA 여자 챔피언스 리그
743, UEFA Championship - Women, 여자 유로
1191, UEFA Women's Europa Cup, UEFA 위민스 유로파 컵
5, UEFA Nations League, UEFA 네이션스 리그,
1040, UEFA Nations League - Women, UEFA 여자 네이션스 리그,
531, UEFA Super Cup, UEFA 슈퍼 컵,
38, UEFA U21 Championship, U-21 유로
1132, AFC Challenge League, AFC 챌린지 리그
17, AFC Champions League, AFC 챔피언스 리그 엘리트, https://i.namu.wiki/i/OnbZNdJTiJaxdfDkWmKPbLqfzR59kKg-qj5FsYEySN44d9cZ5AHSqXy89BI-9PDr6_JFoHyRd8amR_FybLKMpA.svg
18, AFC Champions League 2, AFC 챔피언스 리그 2, https://i.namu.wiki/i/4R-Byc46mWyD_vsgcZAdWS8T536o306ncMt1J7bFKh6hlDRFhvfCW5eGiOLwjTDpE9yXGx3J9yFy153RcV9-fb7Bzcmqt5jLVntouHU6OO9OkW7neb74zduUm89vxQefnnrI8H4vTGZWxBvuOY4OcA.svg
532, AFC U23 Asian Cup, U-23 아시안컵
952, AFC U23 Asian Cup - Qualification, U-23 아시안컵 예선
1140, AFC Women's Champions League, AFC 여자 챔피언스 리그
6, Africa Cup of Nations, 아프리카 네이션스 컵
36, Africa Cup of Nations - Qualification, 아프리카 네이션스 컵 예선
860, Arab Cup, FIFA 아랍컵
24, ASEAN Championship, 동남아시아컵
7, Asian Cup, 아시안컵
35, Asian Cup - Qualification, 아시안컵 예선
803, Asian Games, 아시안게임
12, CAF Champions League, CAF 챔피언스 리그
20, CAF Confederation Cup, CAF 컨페더레이션 컵
533, CAF Super Cup, CAF 슈퍼컵
1008, CAFA Nations Cup, 중앙아시아 컵
856, CONCACAF Caribbean Club Championship, 캐리비안 클럽 챔피언십
534, CONCACAF Caribbean Club Shield, 캐리비안 클럽 실드
1028, CONCACAF Central American Cup, 중앙아메리카 컵
16, CONCACAF Champions Cup, CONCACAF 챔피언스 컵, https://upload.wikimedia.org/wikipedia/commons/thumb/3/3e/CONCACAF_Champions_Cup_logo.svg/3840px-CONCACAF_Champions_Cup_logo.svg.png
22, CONCACAF Gold Cup, CONCACAF 골드 컵
858, CONCACAF Gold Cup - Qualification, CONCACAF 골드 컵 예선
536, CONCACAF Nations League, CONCACAF 네이션스 리그
13, CONMEBOL Libertadores, 코파 리베르타도레스
541, CONMEBOL Recopa, CONMEBOL 레코파
11, CONMEBOL Sudamericana, 코파 수다메리카나
9, Copa America, 코파 아메리카
23, EAFF E-1 Football Championship, 동아시아컵, https://upload.wikimedia.org/wikipedia/en/7/73/2017_EAFF_E-1_Football_Championship.png
1169, EAFF E-1 Football Championship - Qualification, 동아시아컵 예선, https://upload.wikimedia.org/wikipedia/en/7/73/2017_EAFF_E-1_Football_Championship.png
25, Gulf Cup of Nations, 걸프 컵
772, Leagues Cup, 리그스 컵
27, OFC Champions League, OFC 챔피언스 리그
806, OFC Nations Cup, OFC 네이션스 컵
1214, OFC Pro League, OFC 프로 리그
480, Olympics Men, 남자 올림픽
524, Olympics Women, 여자 올림픽
28, SAFF Championship, 남아시아컵
911, Southeast Asian Games, 동남아시안게임
29, World Cup - Qualification Africa, 월드컵 아프리카 예선
30, World Cup - Qualification Asia, 월드컵 아시아 예선
31, World Cup - Qualification CONCACAF, 월드컵 북중미 예선
32, World Cup - Qualification Europe, 월드컵 유럽 예선
33, World Cup - Qualification Oceania, 월드컵 오세아니아 예선
34, World Cup - Qualification South America, 월드컵 남미 예선
37, World Cup - Qualification Intercontinental Play-offs, 월드컵 대륙간 플레이오프
587, World Cup - U17, U-17 월드컵
950, World Cup - U17 - Women, 여자 U-17 월드컵
490, World Cup - U20, U-20 월드컵
920, World Cup - U20 - Women, 여자 U-20 월드컵
8, World Cup - Women, 여자 월드컵
927, World Cup - Women - Qualification Concacaf, 여자 월드컵 북중미 예선
880, World Cup - Women - Qualification Europe, 여자 월드컵 유럽 예선
253, Major League Soccer, MLS
264, Copa MX, 코파 MX
262, Liga MX, 리가 MX
73, Copa Do Brasil, 코파 두 브라질
632, Supercopa do Brasil, 수페르코파 두 브라질
71, Serie A, 브라질 세리 A
72, Serie B, 브라질 세리 B
204, 1. Lig, TFF 1. 리그
551, Super Cup, TFF 쉬페르 쿠파
203, Süper Lig, 튀르키예 쉬페르 리그
206, Türkiye Kupası, 튀르키예 쿠파스
88, Eredivisie, 에레디비시
89, Eerste Divisie, 에이르스터 디비시
90, KNVB Beker, KNVB 베커르
543, Super Cup, 요한 크라위프 실드
94, Primeira Liga, 프리메이라 리가, https://upload.wikimedia.org/wikipedia/commons/thumb/d/d5/Liga_Portugal_Betclic_logo.svg/1920px-Liga_Portugal_Betclic_logo.svg.png
95, Segunda Liga, 리가 포르투갈 2, https://upload.wikimedia.org/wikipedia/commons/thumb/6/68/Liga_Portugal_Meu_Super_logo.svg/1920px-Liga_Portugal_Meu_Super_logo.svg.png
550, Super Cup, 수페르타사 칸디두 드 올리베이라
97, Taça da Liga, 타사 다 리가
96, Taça de Portugal, 타사 드 포르투갈
145, Challenger Pro League, 챌린저 프로 리그, https://statics-maker.llt-services.com/prl/images/2023/12/18/xsmall-wp/deea37f1-9a5c-42b3-ba2d-21cb81bb8dca-466.webp
147, Cup, 벨기에 컵, https://upload.wikimedia.org/wikipedia/en/4/42/Belgian_Cup%2C_Croky_Cup%2C_sponsored_logo_since_2022-23.png
144, Jupiler Pro League, 벨기에 프로 리그, https://statics-maker.llt-services.com/prl/images/2023/12/18/xsmall-wp/3d0bbec7-6aa5-460a-8a1f-3e5bee5c8d43-512.webp
345, Czech Liga, 체코 퍼스트 리그, https://upload.wikimedia.org/wikipedia/en/7/78/Chance_Liga%2C_Czech_First_League%2C_since_2024.jpg
346, FNL, 체코 풋볼 내셔널 리그
347, Cup, 체코 컵
179, Scottish Premiership, 스코티시 프리미어십
180, Scottish Championship, 스코티시 챔피언십
183, Scottish League One, 스코티시 리그 원
184, Scottish League Two, 스코티시 리그 투
181, FA Cup, 스코티시 컵
185, League Cup, 스코티시 리그 컵
732, Cup, 세르비아 컵
287, Prva Liga, 세르비아 프르바리가
286, Super Liga, 세르비아 수페르리가
113, Allsvenskan, 알스벤스칸
114, Superettan, 수페레탄
115, Svenska Kupen, 스벤스카 쿠펜
103, Eliteserien, 엘리트세리엔
104, 1. Division, 노르웨이 퍼스트 디비전
105, NM Cupen, 노르웨이 컵
106, Ekstraklasa, 엑스트라클라사
108, Cup, 푸하르 폴스키
727, Super Cup, 수페르푸하르 폴스키
197, Super League 1, 수페르리가 엘라다
199, Cup, 쿠펠로 엘라다스
1210, Super Cup, 수페르카프 엘라다스
218, Bundesliga, 오스트리아 분데스리가
220, Cup, ÖFB-컵
188, A-League, A-리그
307, Pro League, 사우디 프로 리그
308, Division 1, 사우디 퍼스트 디비전 리그
504, King's Cup, 사우디 국왕컵
826, Super Cup, 사우디 슈퍼컵
305, Stars League, 카타르 스타즈 리그
677, QSL Cup, QSL 컵
824, Emir Cup, 에미르 컵
301, Pro League, UAE 프로 리그
207, Super League, 스위스 슈퍼 리그
208, Challenge League, 스위스 챌린지 리그
209, Schweizer Cup, 스위스 컵
709, Cup, 아르메니아 컵
342, Premier League, 아르메니아 프리미어 리그
389, Premier League, 카자흐스탄 프리미어 리그
498, Cup, 카자흐스탄 컵
388, 1. Division, 카자흐스탄 퍼스트 리그
818, Super Cup, 카자흐스탄 슈퍼 컵
419, Premyer Liqa, 아제르바이잔 프리미어 리그
420, Cup, 아제르바이잔 컵
116, Premier League, 벨라루스 프리미어 리그
117, 1.Division, 벨라루스 퍼스트 리그
486, Coppa, 벨라루스 컵
812, Super Cup, 벨라루스 슈퍼 컵
285, Cupa României, 쿠파 로므니에이
283, Liga I, 루마니아 리가 I, https://upload.wikimedia.org/wikipedia/en/thumb/0/07/Superliga.svg/3840px-Superliga.svg.png
284, Liga II, 루마니아 리가 II,
555, SuperCupa, 수페르쿠파 로므니에이
273, Magyar Kupa, 마자르 쿠파
271, NB I, 넴제티 버이녹샤그 I
272, NB II, 넴제티 버이녹샤그 II
798, League Cup, 웨일스 리그 컵
110, Premier League, 컴리 프리미어
111, FAW Championship, 웨일스 2부리그
112, Welsh Cup, 웨일스 컵
333, Premier League, 우크라이나 프리미어 리그
334, Persha Liga, 우크라이나 퍼스트 리그
335, Cup, 우크라이나 컵
336, Druha Liga, 우크라이나 세컨드 리그
678, Super Cup, 우크라이나 슈퍼 컵
571, Vysshaya Liga, 타지키스탄 최고 리그
368, Premier League, 싱가포르 프리미어 리그
120, 1.Division, 덴마크 퍼스트 디비전
121, DBU Pokalen, DBU 포칼렌
119, Superliga, 덴마크 수페르리가
171, FA Cup, 중국 FA컵
170, Leauge One, 중국 갑급리그
972, Super Cup, 중국 슈퍼컵
169, Super League, 중국 슈퍼리그
10, Friendlies, 남자 국가대표 친선경기
667, Club Friendlies, 클럽 친선경기
666, Friendlies Women, 여자 국가대표 친선경기
1,World Cup,월드컵,https://upload.wikimedia.org/wikipedia/en/1/17/2026_FIFA_World_Cup_emblem.svg
569, Premier League, 키르기스 프리미어 리그
326, Erovnuli Liga 2, 에로브눌리리가 2
327, Erovnuli Liga, 에로브눌리리가
530, Super Cup, 조지아 슈퍼컵
672, David Kipiani Cup, 다비드 키피아니 컵
897,Asian Cup Women,여자 아시안컵
894,Asian Cup Women - Qualification,여자 아시안컵 예선