team_id, team_name_ko, logo_url, fa_url
1113, 보스니아 헤르체고비나,https://flagcdn.com/ba.svg, https://bgh1234554.github.io/football-obs-logo-cdn/nt/BosniaAndHerzegovinaFA.png
768, 이탈리아,https://flagcdn.com/it.svg, https://bgh1234554.github.io/football-obs-logo-cdn/nt/ItalyFA.png
6786, 아크론 톨리야티, https://bgh1234554.github.io/football-obs-logo-cdn/clubs/Russia/AkronTolyatti.png,
2011, 니즈니 노브고로드, https://bgh1234554.github.io/football-obs-logo-cdn/clubs/Russia/PariNizhnyNovgorod.png,
2012, 소치, https://bgh1234554.github.io/football-obs-logo-cdn/clubs/Russia/Sochi.png,
558,Spartak Moscow, https://bgh1234554.github.io/football-obs-logo-cdn/clubs/Russia/SpartakMoscow.svg
6813,Dinamo Makhachkala, https://bgh1234554.github.io/football-obs-logo-cdn/clubs/Russia/DynamoMakhachkala.svg
1088, 디나모 모스크바,https://bgh1234554.github.io/football-obs-logo-cdn/clubs/Russia/DynamoMoscow.png,
19449, 스파르타크 코스트로마, https://bgh1234554.github.io/football-obs-logo-cdn/clubs/Russia/SpartakKostroma.png,
6834, 볼가 울리야놉스크, https://bgh1234554.github.io/football-obs-logo-cdn/clubs/Russia/VolgaUlyanovsk.png,
6790, 첼랴빈스크, https://bgh1234554.github.io/football-obs-logo-cdn/clubs/Russia/Chelyabinsk.png,
1998, 신니크 야로슬라블, https://bgh1234554.github.io/football-obs-logo-cdn/clubs/Russia/ShinnikYaroslavl.png,
3985, 토르페도 모스크바, https://bgh1234554.github.io/football-obs-logo-cdn/clubs/Russia/TorpedoMoscow.png,
3984, 텍스틸시크 이바노보, https://bgh1234554.github.io/football-obs-logo-cdn/clubs/Russia/TekstilshchikIvanovo.png,
6814, 마슈크-KMV 퍄티고르스크, https://bgh1234554.github.io/football-obs-logo-cdn/clubs/Russia/MashukKMVPyatigorsk.png,
6819, 시비리 노보시비르스크, https://bgh1234554.github.io/football-obs-logo-cdn/clubs/Russia/SibirNovosibirsk.png,
6811, 레닌그라데츠, https://bgh1234554.github.io/football-obs-logo-cdn/clubs/Russia/Leningradets.png,
6795, 디나모 브랸스크, https://bgh1234554.github.io/football-obs-logo-cdn/clubs/Russia/DinamoBryansk.png,
6831, 쿠반 크라스노다르, https://bgh1234554.github.io/football-obs-logo-cdn/clubs/Russia/KubanKrasnodar.png,
21538, 디나모 키로프, https://bgh1234554.github.io/football-obs-logo-cdn/clubs/Russia/DinamoKirov.png,
6822,Rodina Moskva,https://bgh1234554.github.io/football-obs-logo-cdn/clubs/Russia/RodinaMoscow.png,
19453,Rodina Moskva II,https://bgh1234554.github.io/football-obs-logo-cdn/clubs/Russia/RodinaMoscow.png,
19448,Rodina Moskva III,https://bgh1234554.github.io/football-obs-logo-cdn/clubs/Russia/RodinaMoscow.png,
2767,울산 HD,https://indvel.github.io/utils/fsm/logos/KLeague/Ulsan_HD_FC.svg,
2748, 안양,https://indvel.github.io/utils/fsm/logos/KLeague/FCAnyang.svg,
2761, 제주,https://indvel.github.io/utils/fsm/logos/KLeague/Jeju_SK_FC.svg,
7098, 파주 프런티어, https://bgh1234554.github.io/football-obs-logo-cdn/clubs/SouthKorea/PajuFrontier.svg,
7078, 김포,https://indvel.github.io/utils/fsm/logos/KLeague2/GimpoFC.svg,
7060, 천안,https://indvel.github.io/utils/fsm/logos/KLeague2/CheonanCityFC.svg,
7087, 화성,https://indvel.github.io/utils/fsm/logos/KLeague2/HwaseongFC.svg,
2760, 전남 드래곤즈,https://indvel.github.io/utils/fsm/logos/KLeague2/JeonnamDragons.svg,
9171, 용인,https://bgh1234554.github.io/football-obs-logo-cdn/clubs/SouthKorea/YonginFC.svg,
7076, 김해, https://bgh1234554.github.io/football-obs-logo-cdn/clubs/SouthKorea/GimhaeFC2008.svg,
1,Belgium,https://flagcdn.com/be.svg,https://bgh1234554.github.io/football-obs-logo-cdn/nt/BelgiumFA.png
2,France,https://flagcdn.com/fr.svg,https://bgh1234554.github.io/football-obs-logo-cdn/nt/FranceFA.png
3,Croatia,https://flagcdn.com/hr.svg,https://bgh1234554.github.io/football-obs-logo-cdn/nt/CroatiaFA.png
4,Russia,https://flagcdn.com/ru.svg,https://bgh1234554.github.io/football-obs-logo-cdn/nt/RussiaFA.svg
5,Sweden,https://flagcdn.com/se.svg,https://bgh1234554.github.io/football-obs-logo-cdn/nt/SwedenFA.png
6,Brazil,https://flagcdn.com/br.svg,https://bgh1234554.github.io/football-obs-logo-cdn/nt/BrazilFA.png
7,Uruguay,https://flagcdn.com/uy.svg,https://bgh1234554.github.io/football-obs-logo-cdn/nt/UruguayFA.png
8,Colombia,https://flagcdn.com/co.svg,https://bgh1234554.github.io/football-obs-logo-cdn/nt/ColombiaFA.png
9,Spain,https://flagcdn.com/es.svg,https://bgh1234554.github.io/football-obs-logo-cdn/nt/SpainFA.png
10,England,https://indvel.github.io/utils/fsm/logos/OtherFlags/Flag_of_England.svg,https://bgh1234554.github.io/football-obs-logo-cdn/nt/EnglandFA.png
11,Panama,https://flagcdn.com/pa.svg,https://bgh1234554.github.io/football-obs-logo-cdn/nt/PanamaFA.png
12,Japan,https://flagcdn.com/jp.svg,https://bgh1234554.github.io/football-obs-logo-cdn/nt/JapanFA.png
13,Senegal,https://flagcdn.com/sn.svg,https://bgh1234554.github.io/football-obs-logo-cdn/nt/SenegalFA.png
15,Switzerland,https://flagcdn.com/ch.svg,https://bgh1234554.github.io/football-obs-logo-cdn/nt/SwitzerlandFA.png
16,Mexico,https://flagcdn.com/mx.svg,https://bgh1234554.github.io/football-obs-logo-cdn/nt/MexicoFA.png
20,Australia,https://flagcdn.com/au.svg,https://bgh1234554.github.io/football-obs-logo-cdn/nt/AustraliaFA.png
22,Iran,https://flagcdn.com/ir.svg,https://bgh1234554.github.io/football-obs-logo-cdn/nt/IranFA.svg
23,Saudi Arabia,https://flagcdn.com/sa.svg,https://bgh1234554.github.io/football-obs-logo-cdn/nt/SaudiArabiaFA.png
25,Germany,https://flagcdn.com/de.svg,https://bgh1234554.github.io/football-obs-logo-cdn/nt/GermanyFA.png
26,Argentina,https://flagcdn.com/ar.svg,https://bgh1234554.github.io/football-obs-logo-cdn/nt/ArgentinaFA.png
27,Portugal,https://flagcdn.com/pt.svg,https://bgh1234554.github.io/football-obs-logo-cdn/nt/PortugalFA.svg
28,Tunisia,https://flagcdn.com/tn.svg,https://bgh1234554.github.io/football-obs-logo-cdn/nt/TunisiaFA.png
31,Morocco,https://flagcdn.com/ma.svg,https://bgh1234554.github.io/football-obs-logo-cdn/nt/MoroccoFA.png
32,Egypt,https://flagcdn.com/eg.svg,https://bgh1234554.github.io/football-obs-logo-cdn/nt/EgyptFA.png
770,Czech Republic,https://flagcdn.com/cz.svg,https://bgh1234554.github.io/football-obs-logo-cdn/nt/CzechRepublicFA.png
775,Austria,https://flagcdn.com/at.svg,https://bgh1234554.github.io/football-obs-logo-cdn/nt/AustriaFA.png
777,Türkiye,https://flagcdn.com/tr.svg,https://bgh1234554.github.io/football-obs-logo-cdn/nt/TurkiyeFA.png
1090,Norway,https://flagcdn.com/no.svg,https://bgh1234554.github.io/football-obs-logo-cdn/nt/NorwayFA.png
1108,Scotland,https://indvel.github.io/utils/fsm/logos/OtherFlags/Flag_of_Scotland.svg,https://bgh1234554.github.io/football-obs-logo-cdn/nt/ScotlandFA.png
1118,Netherlands,https://flagcdn.com/nl.svg,https://bgh1234554.github.io/football-obs-logo-cdn/nt/NetherlandsFA.png
1501,Ivory Coast,https://flagcdn.com/ci.svg,https://bgh1234554.github.io/football-obs-logo-cdn/nt/IvoryCoastFA.png
1504,Ghana,https://flagcdn.com/gh.svg,https://bgh1234554.github.io/football-obs-logo-cdn/nt/GhanaFA.png
1508,Congo DR,https://flagcdn.com/cd.svg,https://bgh1234554.github.io/football-obs-logo-cdn/nt/CongoDRFA.png
1531,South Africa,https://flagcdn.com/za.svg,https://bgh1234554.github.io/football-obs-logo-cdn/nt/SouthAfricaFA.png
1532,Algeria,https://flagcdn.com/dz.svg,https://bgh1234554.github.io/football-obs-logo-cdn/nt/AlgeriaFA.png
1533,Cape Verde,https://flagcdn.com/cv.svg,https://bgh1234554.github.io/football-obs-logo-cdn/nt/CapeVerdeFA.png
1548,Jordan,https://flagcdn.com/jo.svg,https://bgh1234554.github.io/football-obs-logo-cdn/nt/JordanFA.png
1567,Iraq,https://flagcdn.com/iq.svg,https://bgh1234554.github.io/football-obs-logo-cdn/nt/IraqFA.png
1568,Uzbekistan,https://flagcdn.com/uz.svg,https://bgh1234554.github.io/football-obs-logo-cdn/nt/UzbekistanFA.png
1569,Qatar,https://flagcdn.com/qa.svg,https://bgh1234554.github.io/football-obs-logo-cdn/nt/QatarFA.png
2380,Paraguay,https://flagcdn.com/py.svg,https://bgh1234554.github.io/football-obs-logo-cdn/nt/ParaguayFA.png
2382,Ecuador,https://flagcdn.com/ec.svg,https://bgh1234554.github.io/football-obs-logo-cdn/nt/EcuadorFA.svg
2384,USA,https://flagcdn.com/us.svg,https://bgh1234554.github.io/football-obs-logo-cdn/nt/USAFA.png
2386,Haiti,https://flagcdn.com/ht.svg,https://bgh1234554.github.io/football-obs-logo-cdn/nt/HaitiFA.png
4673,New Zealand,https://flagcdn.com/nz.svg,https://bgh1234554.github.io/football-obs-logo-cdn/nt/NewZealandFA.png
5529,Canada,https://flagcdn.com/ca.svg,https://bgh1234554.github.io/football-obs-logo-cdn/nt/CanadaFA.png
5530,Curaçao,https://flagcdn.com/cw.svg,https://bgh1234554.github.io/football-obs-logo-cdn/nt/CuracaoFA.png
17,South Korea,https://flagcdn.com/kr.svg,https://bgh1234554.github.io/football-obs-logo-cdn/nt/KFA.svg
1728,South Korea W,https://flagcdn.com/kr.svg,https://bgh1234554.github.io/football-obs-logo-cdn/nt/KFA.svg
500,볼로냐,https://indvel.github.io/utils/fsm/logos/SerieA/Bologna_FC_1909.svg,
492,나폴리,https://indvel.github.io/utils/fsm/logos/SerieA/SSC_Napoli.svg,
157,바이에른 뮌헨,https://indvel.github.io/utils/fsm/logos/Bundesliga/FC_Bayern_Munchen_logo.svg,
1660,엘페르스베르크,https://bgh1234554.github.io/football-obs-logo-cdn/clubs/Germany/Elversberg.svg,
188,아르미니아 빌레펠트,https://bgh1234554.github.io/football-obs-logo-cdn/clubs/Germany/ArminiaBielefeld.png,
178,그로이터 퓌르트,https://bgh1234554.github.io/football-obs-logo-cdn/clubs/Germany/GreutherFurth.png,
108,AJ 오세르,https://bgh1234554.github.io/football-obs-logo-cdn/clubs/France/AJAuxerre.svg,
3012,안시,https://bgh1234554.github.io/football-obs-logo-cdn/clubs/France/Annecy.svg,
1304,됭케르크,https://bgh1234554.github.io/football-obs-logo-cdn/clubs/France/USLDunkerque.svg,
1297,포,https://bgh1234554.github.io/football-obs-logo-cdn/clubs/France/FCPau.svg,
1299,불로뉴,https://bgh1234554.github.io/football-obs-logo-cdn/clubs/France/USBoulogne.svg,
87,아미앵,https://bgh1234554.github.io/football-obs-logo-cdn/clubs/France/AmiensSC.svg,
1305,바스티아,https://bgh1234554.github.io/football-obs-logo-cdn/clubs/France/SCBastia.svg,
58,밀월,https://indvel.github.io/utils/fsm/logos/EFL/Millwall_FC.svg,
60,웨스트 브롬,https://indvel.github.io/utils/fsm/logos/EFL/West_Bromwich_Albion_FC.svg,
69,더비,https://indvel.github.io/utils/fsm/logos/EFL/Derby_County_FC.svg,
76,스완지,https://indvel.github.io/utils/fsm/logos/EFL/Swansea_City_FC.svg,
54,버밍엄 시티,https://indvel.github.io/utils/fsm/logos/EFL/Birmingham_City_FC.svg,
40,리버풀,https://indvel.github.io/utils/fsm/logos/EPL/Liverpool_FC_New.svg,
19,Nigeria,https://flagcdn.com/ng.svg,https://bgh1234554.github.io/football-obs-logo-cdn/nt/NigeriaFA.svg
1489,Tanzania,https://flagcdn.com/tz.svg,https://bgh1234554.github.io/football-obs-logo-cdn/nt/TanzaniaFA.svg
1500,Mali,https://flagcdn.com/ml.svg,https://bgh1234554.github.io/football-obs-logo-cdn/nt/MaliFA.svg
1502,Burkina Faso,https://flagcdn.com/bf.svg,https://bgh1234554.github.io/football-obs-logo-cdn/nt/BurkinaFasoFA.webp
1503,Gabon,https://flagcdn.com/ga.svg,https://bgh1234554.github.io/football-obs-logo-cdn/nt/GabonFA.png
1507,Zambia,https://flagcdn.com/zm.svg,https://bgh1234554.github.io/football-obs-logo-cdn/nt/ZambiaFA.webp
1510,Sudan,https://flagcdn.com/sd.svg,https://bgh1234554.github.io/football-obs-logo-cdn/nt/SudanFA.webp
1512,Mozambique,https://flagcdn.com/mz.svg,https://bgh1234554.github.io/football-obs-logo-cdn/nt/MozambiqueFA.svg
1516,Benin,https://flagcdn.com/bj.svg,https://bgh1234554.github.io/football-obs-logo-cdn/nt/BeninFA.svg
1519,Uganda,https://flagcdn.com/ug.svg,https://bgh1234554.github.io/football-obs-logo-cdn/nt/UgandaFA.svg
1520,Botswana,https://flagcdn.com/bw.svg,https://bgh1234554.github.io/football-obs-logo-cdn/nt/BotswanaFA.webp
1521,Equatorial Guinea,https://flagcdn.com/gq.svg,https://bgh1234554.github.io/football-obs-logo-cdn/nt/EquatorialGuineaFA.png
1522,Zimbabwe,https://flagcdn.com/zw.svg,https://bgh1234554.github.io/football-obs-logo-cdn/nt/ZimbabweFA.png
1524,Comoros,https://flagcdn.com/km.svg,https://bgh1234554.github.io/football-obs-logo-cdn/nt/ComorosFA.svg
1529,Angola,https://flagcdn.com/ao.svg,https://bgh1234554.github.io/football-obs-logo-cdn/nt/AngolaFA.svg
1530,Cameroon,https://flagcdn.com/cm.svg,https://bgh1234554.github.io/football-obs-logo-cdn/nt/CameroonFA.png
14,Serbia,https://flagcdn.com/rs.svg,https://bgh1234554.github.io/football-obs-logo-cdn/nt/SerbiaFA.svg
21,Denmark,https://flagcdn.com/dk.svg,https://bgh1234554.github.io/football-obs-logo-cdn/nt/DenmarkFA.svg
24,Poland,https://flagcdn.com/pl.svg,https://bgh1234554.github.io/football-obs-logo-cdn/nt/PolandFA.svg
769,Hungary,https://flagcdn.com/hu.svg,https://bgh1234554.github.io/football-obs-logo-cdn/nt/HungaryFA.svg
772,Ukraine,https://flagcdn.com/ua.svg,https://bgh1234554.github.io/football-obs-logo-cdn/nt/UkraineFA.svg
773,Slovakia,https://flagcdn.com/sk.svg,https://bgh1234554.github.io/football-obs-logo-cdn/nt/SlovakiaFA.svg
774,Romania,https://flagcdn.com/ro.svg,https://bgh1234554.github.io/football-obs-logo-cdn/nt/RomaniaFA.svg
778,Albania,https://flagcdn.com/al.svg,https://bgh1234554.github.io/football-obs-logo-cdn/nt/AlbaniaFA.svg
1091,Slovenia,https://flagcdn.com/si.svg,https://bgh1234554.github.io/football-obs-logo-cdn/nt/SloveniaFA.svg
1104,Georgia,https://flagcdn.com/ge.svg,https://bgh1234554.github.io/football-obs-logo-cdn/nt/GeorgiaFA.svg
1536,Tajikistan,https://flagcdn.com/tj.svg,https://bgh1234554.github.io/football-obs-logo-cdn/nt/TajikistanFA.svg
1537,India,https://flagcdn.com/in.svg,https://bgh1234554.github.io/football-obs-logo-cdn/nt/IndiaFA.svg
1538,Malaysia,https://flagcdn.com/my.svg,https://bgh1234554.github.io/football-obs-logo-cdn/nt/MalaysiaFA.svg
1542,Vietnam,https://flagcdn.com/vn.svg,https://bgh1234554.github.io/football-obs-logo-cdn/nt/VietnamFA.svg
1546,Singpore,https://flagcdn.com/sg.svg,https://bgh1234554.github.io/football-obs-logo-cdn/nt/SingaporeFA.svg
1561,North Korea,https://flagcdn.com/kp.svg,https://bgh1234554.github.io/football-obs-logo-cdn/nt/NorthKoreaFA.svg
1740,North Korea (W),https://flagcdn.com/kp.svg,https://bgh1234554.github.io/football-obs-logo-cdn/nt/NorthKoreaFA.svg
1547,Bahrain,https://flagcdn.com/bh.svg,https://bgh1234554.github.io/football-obs-logo-cdn/nt/BahrainFA.svg
1551,Lebanon,https://flagcdn.com/lb.svg,https://bgh1234554.github.io/football-obs-logo-cdn/nt/LebanonFA.svg
1552,Oman,https://flagcdn.com/om.svg,https://bgh1234554.github.io/football-obs-logo-cdn/nt/OmanFA.svg
1554,Kyrgyzstan,https://flagcdn.com/kg.svg,https://bgh1234554.github.io/football-obs-logo-cdn/nt/KyrgyzstanFA.svg
1562,Palestine,https://flagcdn.com/ps.svg,https://bgh1234554.github.io/football-obs-logo-cdn/nt/PalestineFA.svg
1563,United Arab Emirates,https://flagcdn.com/ae.svg,https://bgh1234554.github.io/football-obs-logo-cdn/nt/UnitedArabEmiratesFA.svg
1564,Thailand,https://flagcdn.com/th.svg,https://bgh1234554.github.io/football-obs-logo-cdn/nt/ThailandFA.svg
1565,Syria,https://flagcdn.com/sy.svg,https://bgh1234554.github.io/football-obs-logo-cdn/nt/SyriaFA.svg
1566,China,https://flagcdn.com/cn.svg,https://bgh1234554.github.io/football-obs-logo-cdn/nt/ChinaFA.svg
1570,Kuwait,https://flagcdn.com/kw.svg,https://bgh1234554.github.io/football-obs-logo-cdn/nt/KuwaitFA.svg
1571,Indonesia,https://flagcdn.com/id.svg,https://bgh1234554.github.io/football-obs-logo-cdn/nt/IndonesiaFA.png
4460,Hong Kong,https://flagcdn.com/hk.svg,https://bgh1234554.github.io/football-obs-logo-cdn/nt/HongKongFA.svg
29,Costa Rica,https://flagcdn.com/cr.svg,https://bgh1234554.github.io/football-obs-logo-cdn/nt/CostaRicaFA.svg
2385,Jamaica,https://flagcdn.com/jm.svg,https://bgh1234554.github.io/football-obs-logo-cdn/nt/JamaicaFA.svg
4672,Honduras,https://flagcdn.com/hn.svg,https://bgh1234554.github.io/football-obs-logo-cdn/nt/HondurasFA.svg
5159,El Salvador,https://flagcdn.com/sv.svg,https://bgh1234554.github.io/football-obs-logo-cdn/nt/ElSalvadorFA.svg
5161,Guatemala,https://flagcdn.com/gt.svg,https://bgh1234554.github.io/football-obs-logo-cdn/nt/GuatemalaFA.png
5168,Trinidad and Tobago,https://flagcdn.com/tt.svg,https://bgh1234554.github.io/football-obs-logo-cdn/nt/TrinidadAndTobagoFA.svg
5532,Dominican Republic,https://flagcdn.com/do.svg,https://bgh1234554.github.io/football-obs-logo-cdn/nt/DominicanRepublicFA.svg
8171,Suriname,https://flagcdn.com/sr.svg,https://bgh1234554.github.io/football-obs-logo-cdn/nt/SurinameFA.webp
10983,Guadeloupe,https://flagcdn.com/gp.svg,https://bgh1234554.github.io/football-obs-logo-cdn/nt/GuadeloupeFA.png
30,Peru,https://flagcdn.com/pe.svg,https://bgh1234554.github.io/football-obs-logo-cdn/nt/PeruFA.svg
2379,Venezuela,https://flagcdn.com/ve.svg,https://bgh1234554.github.io/football-obs-logo-cdn/nt/VenezuelaFA.svg
2381,Bolivia,https://flagcdn.com/bo.svg,https://bgh1234554.github.io/football-obs-logo-cdn/nt/BoliviaFA.svg
2383,Chile,https://flagcdn.com/cl.svg,https://bgh1234554.github.io/football-obs-logo-cdn/nt/ChileFA.svg
5160,Fiji,https://flagcdn.com/fj.svg,https://bgh1234554.github.io/football-obs-logo-cdn/nt/FijiFA.svg
5163,New Caledonia,https://flagcdn.com/nc.svg,https://bgh1234554.github.io/football-obs-logo-cdn/nt/NewCaledoniaFA.svg
5165,Solomon Islands,https://flagcdn.com/sb.svg,https://bgh1234554.github.io/football-obs-logo-cdn/nt/SolomonIslandsFA.svg
5167,Tahiti,https://flagcdn.com/pf.svg,https://bgh1234554.github.io/football-obs-logo-cdn/nt/TahitiFA.svg
5170,Vanuatu,https://flagcdn.com/vu.svg,https://bgh1234554.github.io/football-obs-logo-cdn/nt/VanuatuFA.svg
5542,Tonga,https://flagcdn.com/to.svg,https://bgh1234554.github.io/football-obs-logo-cdn/nt/TongaFA.png
8174,Cook Islands,https://flagcdn.com/ck.svg,https://bgh1234554.github.io/football-obs-logo-cdn/nt/CookIslandsFA.svg
8175,Papua New Guinea,https://flagcdn.com/pg.svg,https://bgh1234554.github.io/football-obs-logo-cdn/nt/PapuaNewGuineaFA.svg
8176,Samoa,https://flagcdn.com/ws.svg,https://bgh1234554.github.io/football-obs-logo-cdn/nt/SamoaFA.png
227,산타 클라라,https://indvel.github.io/utils/fsm/logos/PrimeiraLiga/CDSantaClara.svg,
15130,이스트렐라 아마도라,https://indvel.github.io/utils/fsm/logos/PrimeiraLiga/CFEstreladaAmadora.svg,
218,톤델라,https://bgh1234554.github.io/football-obs-logo-cdn/clubs/Portugal/CDTondela.svg,
207,위트레흐트,https://indvel.github.io/utils/fsm/logos/Eredivisie/FC_Utrecht.svg,
767,웨일스,https://indvel.github.io/utils/fsm/logos/OtherFlags/Flag_of_Wales.svg,https://bgh1234554.github.io/football-obs-logo-cdn/nt/WalesFA.svg
771,북아일랜드,https://indvel.github.io/utils/fsm/logos/OtherFlags/Flag_of_NorthernIreland.svg,https://bgh1234554.github.io/football-obs-logo-cdn/nt/NorthernIrelandFA.svg
1111,코소보,https://flagcdn.com/xk.svg,https://bgh1234554.github.io/football-obs-logo-cdn/nt/KosovoFA.svg
1119,아일랜드,https://flagcdn.com/ie.svg,https://bgh1234554.github.io/football-obs-logo-cdn/nt/IrelandFA.svg
16061,북마케도니아,https://flagcdn.com/mk.svg,https://bgh1234554.github.io/football-obs-logo-cdn/nt/NorthMacedoniaFA.svg
1105,북마케도니아,https://flagcdn.com/mk.svg,https://bgh1234554.github.io/football-obs-logo-cdn/nt/NorthMacedoniaFA.svg
161,볼프스부르크,https://indvel.github.io/utils/fsm/logos/Bundesliga/Vfl_Wolfsburg.svg,
3588,에윕스포르,https://bgh1234554.github.io/football-obs-logo-cdn/clubs/Turkey/Eyupspor.png,
3573,가지안테프,https://indvel.github.io/utils/fsm/logos/SuperLig/Gaziantep_FK.svg,
1005,안탈리아스포르,https://indvel.github.io/utils/fsm/logos/SuperLig/Antalyaspor.svg,
532,발렌시아,https://indvel.github.io/utils/fsm/logos/Laliga/Valencia_CF.svg,
1110,안도라,https://flagcdn.com/ad.svg,https://bgh1234554.github.io/football-obs-logo-cdn/nt/AndorraFA.svg
5536,세인트키츠네비스,https://flagcdn.com/kn.svg,https://bgh1234554.github.io/football-obs-logo-cdn/nt/SaintKittsAndNevisFA.svg
5169,터크스 케이커스 제도,https://flagcdn.com/tc.svg,https://bgh1234554.github.io/football-obs-logo-cdn/nt/TurksAndCaicosIslandsFA.png
5158,버뮤다,https://flagcdn.com/bm.svg,https://bgh1234554.github.io/football-obs-logo-cdn/nt/BermudaFA.svg
1526,리비아,https://flagcdn.com/ly.svg,https://bgh1234554.github.io/football-obs-logo-cdn/nt/LibyaFA.png
1094,아르메니아,https://flagcdn.com/am.svg,https://bgh1234554.github.io/football-obs-logo-cdn/nt/ArmeniaFA.svg
1497,모리셔스,https://flagcdn.com/mu.svg,https://bgh1234554.github.io/football-obs-logo-cdn/nt/MauritiusFA.png
1549,몰디브,https://flagcdn.com/mv.svg,https://bgh1234554.github.io/football-obs-logo-cdn/nt/MaldivesFA.svg
8173,아메리칸사모아,https://flagcdn.com/as.svg,https://bgh1234554.github.io/football-obs-logo-cdn/nt/AmericanSamoaFA.svg
1506,에티오피아,https://flagcdn.com/et.svg,https://bgh1234554.github.io/football-obs-logo-cdn/nt/EthiopiaFA.svg
1101,에스토니아,https://flagcdn.com/ee.svg,https://bgh1234554.github.io/football-obs-logo-cdn/nt/EstoniaFA.svg
8119,괌,https://flagcdn.com/gu.svg,https://bgh1234554.github.io/football-obs-logo-cdn/nt/GuamFA.svg
1553,아프가니스탄,https://flagcdn.com/af.svg,https://bgh1234554.github.io/football-obs-logo-cdn/nt/AfghanistanFA.png
1527,중앙아프리카 공화국,https://flagcdn.com/cf.svg,https://bgh1234554.github.io/football-obs-logo-cdn/nt/CentralAfricanRepublicFA.svg
5537,동티모르,https://flagcdn.com/tl.svg,https://bgh1234554.github.io/football-obs-logo-cdn/nt/TimorLesteFA.svg
1496,남수단,https://flagcdn.com/ss.svg,https://bgh1234554.github.io/football-obs-logo-cdn/nt/SouthSudanFA.png
2995,에스와티니,https://flagcdn.com/sz.svg,https://bgh1234554.github.io/football-obs-logo-cdn/nt/EswatiniFA.svg
5533,그레나다,https://flagcdn.com/gd.svg,https://bgh1234554.github.io/football-obs-logo-cdn/nt/GrenadaFA.svg
1491,모리타니,https://flagcdn.com/mr.svg,https://bgh1234554.github.io/football-obs-logo-cdn/nt/MauritaniaFA.svg
1116,이스라엘,https://flagcdn.com/il.svg,https://bgh1234554.github.io/football-obs-logo-cdn/nt/IsraelFA.svg
5538,브루나이,https://flagcdn.com/bn.svg,https://bgh1234554.github.io/football-obs-logo-cdn/nt/BruneiFA.svg
1112,몰타,https://flagcdn.com/mt.svg,https://bgh1234554.github.io/football-obs-logo-cdn/nt/MaltaFA.svg
1100,벨라루스,https://flagcdn.com/by.svg,https://bgh1234554.github.io/football-obs-logo-cdn/nt/BelarusFA.svg
1099,핀란드,https://flagcdn.com/fi.svg,https://bgh1234554.github.io/football-obs-logo-cdn/nt/FinlandFA.png
1093,지브롤터,https://flagcdn.com/gi.svg,https://bgh1234554.github.io/football-obs-logo-cdn/nt/GibraltarFA.svg
1540,부탄,https://flagcdn.com/bt.svg,https://bgh1234554.github.io/football-obs-logo-cdn/nt/BhutanFA.svg
1109,몬테네그로,https://flagcdn.com/me.svg,https://bgh1234554.github.io/football-obs-logo-cdn/nt/MontenegroFA.svg
8169,케이맨 제도,https://flagcdn.com/ky.svg,https://bgh1234554.github.io/football-obs-logo-cdn/nt/CaymanIslandsFA.png
1115,산마리노,https://flagcdn.com/sm.svg,https://bgh1234554.github.io/football-obs-logo-cdn/nt/SanMarinoFA.png
1517,콩고,https://flagcdn.com/cg.svg,https://bgh1234554.github.io/football-obs-logo-cdn/nt/CongoFA.svg
5535,파키스탄,https://flagcdn.com/pk.svg,https://bgh1234554.github.io/football-obs-logo-cdn/nt/PakistanFA.svg
1095,카자흐스탄,https://flagcdn.com/kz.svg,https://bgh1234554.github.io/football-obs-logo-cdn/nt/KazakhstanFA.svg
18,아이슬란드,https://flagcdn.com/is.svg,https://bgh1234554.github.io/football-obs-logo-cdn/nt/IcelandFA.svg
1556,미얀마,https://flagcdn.com/mm.svg,https://bgh1234554.github.io/football-obs-logo-cdn/nt/MyanmarFA.svg
1560,방글라데시,https://flagcdn.com/bd.svg,https://bgh1234554.github.io/football-obs-logo-cdn/nt/BangladeshFA.svg
1555,필리핀,https://flagcdn.com/ph.svg,https://bgh1234554.github.io/football-obs-logo-cdn/nt/PhilippinesFA.png
1545,네팔,https://flagcdn.com/np.svg,https://bgh1234554.github.io/football-obs-logo-cdn/nt/NepalFA.png
1550,예멘,https://flagcdn.com/ye.svg,https://bgh1234554.github.io/football-obs-logo-cdn/nt/YemenFA.png
5541,세인트빈센트 그레나딘,https://flagcdn.com/vc.svg,https://bgh1234554.github.io/football-obs-logo-cdn/nt/SaintVincentAndTheGrenadinesFA.svg
1498,에리트레아,https://flagcdn.com/er.svg,https://bgh1234554.github.io/football-obs-logo-cdn/nt/EritreaFA.png
1511,케냐,https://flagcdn.com/ke.svg,https://bgh1234554.github.io/football-obs-logo-cdn/nt/KenyaFA.svg
1117,그리스,https://flagcdn.com/gr.svg,https://bgh1234554.github.io/football-obs-logo-cdn/nt/GreeceFA.svg
1514,르완다,https://flagcdn.com/rw.svg,https://bgh1234554.github.io/football-obs-logo-cdn/nt/RwandaFA.png
1557,중화 타이페이,https://flagcdn.com/tw.svg,https://bgh1234554.github.io/football-obs-logo-cdn/nt/ChineseTaipeiFA.svg
5162,가이아나,https://flagcdn.com/gy.svg,https://bgh1234554.github.io/football-obs-logo-cdn/nt/GuyanaFA.svg
1515,세이셸,https://flagcdn.com/sc.svg,https://bgh1234554.github.io/football-obs-logo-cdn/nt/SeychellesFA.png
1543,캄보디아,https://flagcdn.com/kh.svg,https://bgh1234554.github.io/football-obs-logo-cdn/nt/CambodiaFA.svg
5527,바베이도스,https://flagcdn.com/bb.svg,https://bgh1234554.github.io/football-obs-logo-cdn/nt/BarbadosFA.png
1493,나미비아,https://flagcdn.com/na.svg,https://bgh1234554.github.io/football-obs-logo-cdn/nt/NamibiaFA.png
1523,차드,https://flagcdn.com/td.svg,https://bgh1234554.github.io/football-obs-logo-cdn/nt/ChadFA.png
1505,니제르,https://flagcdn.com/ne.svg,https://bgh1234554.github.io/football-obs-logo-cdn/nt/NigerFA.png
2388,쿠바,https://flagcdn.com/cu.svg,https://bgh1234554.github.io/football-obs-logo-cdn/nt/CubaFA.png
5528,벨리즈,https://flagcdn.com/bz.svg,https://bgh1234554.github.io/football-obs-logo-cdn/nt/BelizeFA.png
5157,바하마,https://flagcdn.com/bs.svg,https://bgh1234554.github.io/football-obs-logo-cdn/nt/BahamasFA.png
8167,아루바,https://flagcdn.com/aw.svg,https://bgh1234554.github.io/football-obs-logo-cdn/nt/ArubaFA.png
1494,상투메 프린시페,https://flagcdn.com/st.svg,https://bgh1234554.github.io/football-obs-logo-cdn/nt/SaoTomeAndPrincipeFA.png
1102,룩셈부르크,https://flagcdn.com/lu.svg,https://bgh1234554.github.io/football-obs-logo-cdn/nt/LuxembourgFA.png
1098,페로 제도,https://flagcdn.com/fo.svg,https://bgh1234554.github.io/football-obs-logo-cdn/nt/FaroeIslandsFA.svg
5164,니카라과,https://flagcdn.com/ni.svg,https://bgh1234554.github.io/football-obs-logo-cdn/nt/NicaraguaFA.png
1499,시에라리온,https://flagcdn.com/sl.svg,https://bgh1234554.github.io/football-obs-logo-cdn/nt/SierraLeoneFA.png
1518,레소토,https://flagcdn.com/ls.svg,https://bgh1234554.github.io/football-obs-logo-cdn/nt/LesothoFA.svg
1535,지부티,https://flagcdn.com/dj.svg,https://bgh1234554.github.io/football-obs-logo-cdn/nt/DjiboutiFA.svg
5166,스리랑카,https://flagcdn.com/lk.svg,https://bgh1234554.github.io/football-obs-logo-cdn/nt/SriLankaFA.svg
5540,세인트루시아,https://flagcdn.com/lc.svg,https://bgh1234554.github.io/football-obs-logo-cdn/nt/SaintLuciaFA.png
5539,푸에르토리코,https://flagcdn.com/pr.svg,https://bgh1234554.github.io/football-obs-logo-cdn/nt/PuertoRicoFA.svg
1539,투르크메니스탄,https://flagcdn.com/tm.svg,https://bgh1234554.github.io/football-obs-logo-cdn/nt/TurkmenistanFA.svg
1092,라트비아,https://flagcdn.com/lv.svg,https://bgh1234554.github.io/football-obs-logo-cdn/nt/LatviaFA.png
1114,몰도바,https://flagcdn.com/md.svg,https://bgh1234554.github.io/football-obs-logo-cdn/nt/MoldovaFA.svg
1107,리히텐슈타인,https://flagcdn.com/li.svg,https://bgh1234554.github.io/football-obs-logo-cdn/nt/LiechtensteinFA.svg
1495,말라위,https://flagcdn.com/mw.svg,https://bgh1234554.github.io/football-obs-logo-cdn/nt/MalawiFA.png
5534,몽골,https://flagcdn.com/mn.svg,https://bgh1234554.github.io/football-obs-logo-cdn/nt/MongoliaFA.svg
8168,영국령 버진제도,https://flagcdn.com/vg.svg,https://bgh1234554.github.io/football-obs-logo-cdn/nt/BritishVirginIslandsFA.svg
1558,라오스,https://flagcdn.com/la.svg,https://bgh1234554.github.io/football-obs-logo-cdn/nt/LaosFA.svg
1096,아제르바이잔,https://flagcdn.com/az.svg,https://bgh1234554.github.io/football-obs-logo-cdn/nt/AzerbaijanFA.svg
1103,불가리아,https://flagcdn.com/bg.svg,https://bgh1234554.github.io/football-obs-logo-cdn/nt/BulgariaFA.png
1528,부룬디,https://flagcdn.com/bi.svg,https://bgh1234554.github.io/football-obs-logo-cdn/nt/BurundiFA.png
1525,라이베리아,https://flagcdn.com/lr.svg,https://bgh1234554.github.io/football-obs-logo-cdn/nt/LiberiaFA.svg
1097,리투아니아,https://flagcdn.com/lt.svg,https://bgh1234554.github.io/football-obs-logo-cdn/nt/LithuaniaFA.png
8172,미국령 버진제도,https://flagcdn.com/vi.svg,https://bgh1234554.github.io/football-obs-logo-cdn/nt/USVirginIslandsFA.svg
1490,마다가스카르,https://flagcdn.com/mg.svg,https://bgh1234554.github.io/football-obs-logo-cdn/nt/MadagascarFA.png
1492,감비아,https://flagcdn.com/gm.svg,https://bgh1234554.github.io/football-obs-logo-cdn/nt/GambiaFA.png
1534,토고,https://flagcdn.com/tg.svg,https://bgh1234554.github.io/football-obs-logo-cdn/nt/TogoFA.svg
8170,몬트세랫,https://flagcdn.com/ms.svg,https://bgh1234554.github.io/football-obs-logo-cdn/nt/MontserratFA.svg
5526,앤티가 바부다,https://flagcdn.com/ag.svg,https://bgh1234554.github.io/football-obs-logo-cdn/nt/AntiguaAndBarbudaFA.png
8050,소말리아,https://flagcdn.com/so.svg,https://bgh1234554.github.io/football-obs-logo-cdn/nt/SomaliaFA.svg
1544,마카오,https://flagcdn.com/mo.svg,https://bgh1234554.github.io/football-obs-logo-cdn/nt/MacauFA.svg
5531,도미니카 연방,https://flagcdn.com/dm.svg,https://bgh1234554.github.io/football-obs-logo-cdn/nt/DominicaFA.svg
8150,앵귈라,https://flagcdn.com/ai.svg,https://bgh1234554.github.io/football-obs-logo-cdn/nt/AnguillaFA.png
1509,기니,https://flagcdn.com/gn.svg,https://bgh1234554.github.io/football-obs-logo-cdn/nt/GuineaFA.png
1106,키프로스,https://flagcdn.com/cy.svg,https://bgh1234554.github.io/football-obs-logo-cdn/nt/CyprusFA.svg
1513,기니비사우,https://flagcdn.com/gw.svg,https://bgh1234554.github.io/football-obs-logo-cdn/nt/GuineaBissauFA.png
646,레프스키 소피아,https://bgh1234554.github.io/football-obs-logo-cdn/clubs/Bulgaria/LevskiSofia.svg
74,Sheffield Wednesday,https://bgh1234554.github.io/football-obs-logo-cdn/clubs/England/SheffieldWednesday.svg
560,Slavia Praha,https://bgh1234554.github.io/football-obs-logo-cdn/clubs/Czech%20Republic/SlaviaPraha.png
1122,FK Jablonec,https://bgh1234554.github.io/football-obs-logo-cdn/clubs/Czech%20Republic/Jablonec.svg
3733,Zbrojovka Brno,https://bgh1234554.github.io/football-obs-logo-cdn/clubs/Czech%20Republic/ZbrojovkaBrno.svg
3724,Pardubice,https://bgh1234554.github.io/football-obs-logo-cdn/clubs/Czech%20Republic/Pardubice.svg
384,FC Dnepr Mogilev,https://bgh1234554.github.io/football-obs-logo-cdn/clubs/Belarus/DneprMogilyov.png
750,Naftan,https://bgh1234554.github.io/football-obs-logo-cdn/clubs/Belarus/NaftanNovopolotsk.svg
3384,Belshina,https://bgh1234554.github.io/football-obs-logo-cdn/clubs/Belarus/BelshinaBobruisk.png
7808,ML Vitebsk,https://bgh1234554.github.io/football-obs-logo-cdn/clubs/Belarus/MLVitebsk.png
9419,Arsenal Dzerzhinsk,https://bgh1234554.github.io/football-obs-logo-cdn/clubs/Belarus/ArsenalDzerzhinsk.svg
385,Torpedo Zhodino,https://bgh1234554.github.io/football-obs-logo-cdn/clubs/Belarus/TorpedoBelAZZhodino.svg
546,Getafe,https://bgh1234554.github.io/football-obs-logo-cdn/clubs/Spain/Getafe.svg
8009,Al Quwa Al Jawiya,https://bgh1234554.github.io/football-obs-logo-cdn/clubs/Iraq/AlQuwaAlJawiya.svg
4217,Neftchi,https://bgh1234554.github.io/football-obs-logo-cdn/clubs/Uzbekistan/NeftchiFergana.png
621,FC Krasnodar,https://bgh1234554.github.io/football-obs-logo-cdn/clubs/Russia/Krasnodar.png,
645,Galatasaray,https://bgh1234554.github.io/football-obs-logo-cdn/clubs/Turkey/Galatasaray.png,
39,Wolves,https://bgh1234554.github.io/football-obs-logo-cdn/clubs/England/WolverhamptonWanderers.png,
44,Burnley,https://bgh1234554.github.io/football-obs-logo-cdn/clubs/England/Burnley.png,
48,West Ham,https://bgh1234554.github.io/football-obs-logo-cdn/clubs/England/WestHamUnited.png,
547,Girona,https://bgh1234554.github.io/football-obs-logo-cdn/clubs/Spain/Girona.png,
718,Oviedo,https://bgh1234554.github.io/football-obs-logo-cdn/clubs/Spain/RealOviedo.png,
798,Mallorca,https://bgh1234554.github.io/football-obs-logo-cdn/clubs/Spain/Mallorca.png,
2745,Bucheon FC 1995,https://bgh1234554.github.io/football-obs-logo-cdn/clubs/SouthKorea/BucheonFC1995.png,
2746,Gangwon FC,https://bgh1234554.github.io/football-obs-logo-cdn/clubs/SouthKorea/GangwonFC.png,
2750,Daejeon Citizen,https://bgh1234554.github.io/football-obs-logo-cdn/clubs/SouthKorea/DaejeonHanaCitizen.png,
2759,Gwangju FC,https://bgh1234554.github.io/football-obs-logo-cdn/clubs/SouthKorea/GwangjuFC.png,
2762,Jeonbuk Motors,https://bgh1234554.github.io/football-obs-logo-cdn/clubs/SouthKorea/JeonbukHyundaiMotors.png,
2763,Incheon United,https://bgh1234554.github.io/football-obs-logo-cdn/clubs/SouthKorea/IncheonUnited.png,
2764,Pohang Steelers,https://bgh1234554.github.io/football-obs-logo-cdn/clubs/SouthKorea/PohangSteelers.png,
2766,FC Seoul,https://bgh1234554.github.io/football-obs-logo-cdn/clubs/SouthKorea/FCSeoul.png,
2768,Gimcheon Sangmu FC,https://bgh1234554.github.io/football-obs-logo-cdn/clubs/SouthKorea/GimcheonSangmu.png,
2747,Daegu FC,https://bgh1234554.github.io/football-obs-logo-cdn/clubs/SouthKorea/DaeguFC.png,
2749,Seoul E-Land FC,https://bgh1234554.github.io/football-obs-logo-cdn/clubs/SouthKorea/SeoulELand.png,
2751,Gyeongnam FC,https://bgh1234554.github.io/football-obs-logo-cdn/clubs/SouthKorea/GyeongnamFC.png,
2752,Busan I Park,https://bgh1234554.github.io/football-obs-logo-cdn/clubs/SouthKorea/BusanIPark.png,
2753,Chungnam Asan,https://bgh1234554.github.io/football-obs-logo-cdn/clubs/SouthKorea/ChungnamAsan.png,
2756,Suwon City FC,https://bgh1234554.github.io/football-obs-logo-cdn/clubs/SouthKorea/SuwonFC.png,
2757,Seongnam FC,https://bgh1234554.github.io/football-obs-logo-cdn/clubs/SouthKorea/SeongnamFC.png,
2758,Ansan Greeners,https://bgh1234554.github.io/football-obs-logo-cdn/clubs/SouthKorea/AnsanGreeners.png,
2765,Suwon Bluewings,https://bgh1234554.github.io/football-obs-logo-cdn/clubs/SouthKorea/SuwonSamsungBluewings.png,
7061,Chungbuk Cheongju,https://bgh1234554.github.io/football-obs-logo-cdn/clubs/SouthKorea/ChungbukCheongju.png,
555,CSKA Moscow,https://bgh1234554.github.io/football-obs-logo-cdn/clubs/Russia/CSKAMoscow.png,
596,Zenit St. Petersburg,https://bgh1234554.github.io/football-obs-logo-cdn/clubs/Russia/Zenit.png,
597,Lokomotiv Moscow,https://bgh1234554.github.io/football-obs-logo-cdn/clubs/Russia/LokomotivMoscow.png,
779,Rostov,https://bgh1234554.github.io/football-obs-logo-cdn/clubs/Russia/Rostov.png,
1079,Krylia Sovetov Samara,https://bgh1234554.github.io/football-obs-logo-cdn/clubs/Russia/KryliaSovetovSamara.svg,
1080,Orenburg,https://bgh1234554.github.io/football-obs-logo-cdn/clubs/Russia/Orenburg.png,
1083,Rubin Kazan,https://bgh1234554.github.io/football-obs-logo-cdn/clubs/Russia/RubinKazan.png,
1085,Akhmat Grozny,https://bgh1234554.github.io/football-obs-logo-cdn/clubs/Russia/AkhmatGrozny.png,
2006,Baltika Kaliningrad,https://bgh1234554.github.io/football-obs-logo-cdn/clubs/Russia/Baltika.png,
1077,Arsenal Tula,https://bgh1234554.github.io/football-obs-logo-cdn/clubs/Russia/ArsenalTula.png,
1078,Ufa,https://bgh1234554.github.io/football-obs-logo-cdn/clubs/Russia/Ufa.png,
1084,Ural Yekaterinburg,https://bgh1234554.github.io/football-obs-logo-cdn/clubs/Russia/UralYekaterinburg.png,
1087,Ska-Khabarovsk,https://bgh1234554.github.io/football-obs-logo-cdn/clubs/Russia/SKAKhabarovsk.png,
1089,Enisey Krasnoyarsk,https://bgh1234554.github.io/football-obs-logo-cdn/clubs/Russia/YeniseyKrasnoyarsk.png,
1993,Fakel Voronezh,https://bgh1234554.github.io/football-obs-logo-cdn/clubs/Russia/FakelVoronezh.png,
1995,Sokol Saratov,https://bgh1234554.github.io/football-obs-logo-cdn/clubs/Russia/SokolSaratov.png,
2001,Neftekhimik Nizhnekamsk,https://bgh1234554.github.io/football-obs-logo-cdn/clubs/Russia/NeftekhimikNizhnekamsk.png,
2010,Rotor Volgograd,https://bgh1234554.github.io/football-obs-logo-cdn/clubs/Russia/RotorVolgograd.png,
3983,Chayka Peschanokopskoye,https://bgh1234554.github.io/football-obs-logo-cdn/clubs/Russia/ChaykaPeschanokopskoye.png,
6791,Chernomorets Novorossiysk,https://bgh1234554.github.io/football-obs-logo-cdn/clubs/Russia/ChernomoretsNovorossiysk.png,
6801,KAMAZ Naberezhnye-Chelny,https://bgh1234554.github.io/football-obs-logo-cdn/clubs/Russia/Kamaz.png,
38,Watford,https://bgh1234554.github.io/football-obs-logo-cdn/clubs/England/Watford.png,
41,Southampton,https://bgh1234554.github.io/football-obs-logo-cdn/clubs/England/Southampton.png,
46,Leicester City,https://bgh1234554.github.io/football-obs-logo-cdn/clubs/England/LeicesterCity.png,
56,Bristol City,https://bgh1234554.github.io/football-obs-logo-cdn/clubs/England/BristolCity.png,
59,Preston North End,https://bgh1234554.github.io/football-obs-logo-cdn/clubs/England/PrestonNorthEnd.png,
62,Sheffield United,https://bgh1234554.github.io/football-obs-logo-cdn/clubs/England/SheffieldUnited.png,
67,Blackburn Rovers,https://bgh1234554.github.io/football-obs-logo-cdn/clubs/England/BlackburnRovers.png,
70,Middlesbrough,https://bgh1234554.github.io/football-obs-logo-cdn/clubs/England/Middlesbrough.png,
71,Norwich City,https://bgh1234554.github.io/football-obs-logo-cdn/clubs/England/NorwichCity.png,
72,Queens Park Rangers,https://bgh1234554.github.io/football-obs-logo-cdn/clubs/England/QueensParkRangers.png,
75,Stoke City,https://bgh1234554.github.io/football-obs-logo-cdn/clubs/England/StokeCity.svg,
1335,Charlton Athletic,https://bgh1234554.github.io/football-obs-logo-cdn/clubs/England/CharltonAthletic.png,
1338,Oxford United,https://bgh1234554.github.io/football-obs-logo-cdn/clubs/England/OxfordUnited.png,
1355,Portsmouth,https://bgh1234554.github.io/football-obs-logo-cdn/clubs/England/Portsmouth.png,
1837,Wrexham,https://bgh1234554.github.io/football-obs-logo-cdn/clubs/England/Wrexham.png,
504,Hellas Verona,https://bgh1234554.github.io/football-obs-logo-cdn/clubs/Italy/HellasVerona.png,
520,Cremonese,https://bgh1234554.github.io/football-obs-logo-cdn/clubs/Italy/Cremonese.png,
801,Pisa,https://bgh1234554.github.io/football-obs-logo-cdn/clubs/Italy/Pisa.png,
180,1. FC Heidenheim,https://bgh1234554.github.io/football-obs-logo-cdn/clubs/Germany/Heidenheim.png,
186,FC St. Pauli,https://bgh1234554.github.io/football-obs-logo-cdn/clubs/Germany/StPauli.png,
158,Fortuna Düsseldorf,https://bgh1234554.github.io/football-obs-logo-cdn/clubs/Germany/FortunaDusseldorf.png,
159,Hertha BSC,https://bgh1234554.github.io/football-obs-logo-cdn/clubs/Germany/HerthaBSC.png,
166,Hannover 96,https://bgh1234554.github.io/football-obs-logo-cdn/clubs/Germany/Hannover96.png,
171,1. FC Nürnberg,https://bgh1234554.github.io/football-obs-logo-cdn/clubs/Germany/Nurnberg.png,
176,VfL Bochum,https://bgh1234554.github.io/football-obs-logo-cdn/clubs/Germany/VfLBochum.png,
179,1. FC Magdeburg,https://bgh1234554.github.io/football-obs-logo-cdn/clubs/Germany/Magdeburg.png,
181,SV Darmstadt 98,https://bgh1234554.github.io/football-obs-logo-cdn/clubs/Germany/Darmstadt98.png,
183,Dynamo Dresden,https://bgh1234554.github.io/football-obs-logo-cdn/clubs/Germany/DynamoDresden.png,
191,Holstein Kiel,https://bgh1234554.github.io/football-obs-logo-cdn/clubs/Germany/HolsteinKiel.png,
744,Eintracht Braunschweig,https://bgh1234554.github.io/football-obs-logo-cdn/clubs/Germany/EintrachtBraunschweig.png,
745,1. FC Kaiserslautern,https://bgh1234554.github.io/football-obs-logo-cdn/clubs/Germany/Kaiserslautern.png,
785,Karlsruher SC,https://bgh1234554.github.io/football-obs-logo-cdn/clubs/Germany/KarlsruherSC.png,
1313,Preußen Münster,https://bgh1234554.github.io/football-obs-logo-cdn/clubs/Germany/PreussenMunster.png,
83,Nantes,https://bgh1234554.github.io/football-obs-logo-cdn/clubs/France/Nantes.png,
112,Metz,https://bgh1234554.github.io/football-obs-logo-cdn/clubs/France/Metz.png,
549,Beşiktaş,https://bgh1234554.github.io/football-obs-logo-cdn/clubs/Turkey/Besiktas.png,
564,Başakşehir,https://bgh1234554.github.io/football-obs-logo-cdn/clubs/Turkey/IstanbulBasaksehir.png,
611,Fenerbahçe,https://bgh1234554.github.io/football-obs-logo-cdn/clubs/Turkey/Fenerbahce.png,
3603,Samsunspor,https://bgh1234554.github.io/football-obs-logo-cdn/clubs/Turkey/Samsunspor.png,
193,PEC Zwolle,https://bgh1234554.github.io/football-obs-logo-cdn/clubs/Netherlands/PECZwolle.png,
194,Ajax,https://bgh1234554.github.io/football-obs-logo-cdn/clubs/Netherlands/Ajax.png,
196,Excelsior,https://bgh1234554.github.io/football-obs-logo-cdn/clubs/Netherlands/ExcelsiorRotterdam.png,
197,PSV Eindhoven,https://bgh1234554.github.io/football-obs-logo-cdn/clubs/Netherlands/PSVEindhoven.png,
201,AZ Alkmaar,https://bgh1234554.github.io/football-obs-logo-cdn/clubs/Netherlands/AZAlkmaar.png,
202,Groningen,https://bgh1234554.github.io/football-obs-logo-cdn/clubs/Netherlands/Groningen.png,
203,NAC Breda,https://bgh1234554.github.io/football-obs-logo-cdn/clubs/Netherlands/NACBreda.png,
205,Fortuna Sittard,https://bgh1234554.github.io/football-obs-logo-cdn/clubs/Netherlands/FortunaSittard.png,
206,Heracles,https://bgh1234554.github.io/football-obs-logo-cdn/clubs/Netherlands/HeraclesAlmelo.png,
209,Feyenoord,https://bgh1234554.github.io/football-obs-logo-cdn/clubs/Netherlands/Feyenoord.png,
210,Heerenveen,https://bgh1234554.github.io/football-obs-logo-cdn/clubs/Netherlands/Heerenveen.png,
410,GO Ahead Eagles,https://bgh1234554.github.io/football-obs-logo-cdn/clubs/Netherlands/GoAheadEagles.png,
413,NEC Nijmegen,https://bgh1234554.github.io/football-obs-logo-cdn/clubs/Netherlands/NECNijmegen.png,
415,Twente,https://bgh1234554.github.io/football-obs-logo-cdn/clubs/Netherlands/Twente.png,
416,FC Volendam,https://bgh1234554.github.io/football-obs-logo-cdn/clubs/Netherlands/Volendam.png,
426,Sparta Rotterdam,https://bgh1234554.github.io/football-obs-logo-cdn/clubs/Netherlands/SpartaRotterdam.png,
427,Telstar,https://bgh1234554.github.io/football-obs-logo-cdn/clubs/Netherlands/Telstar.png,
554,Anderlecht,https://bgh1234554.github.io/football-obs-logo-cdn/clubs/Belgium/Anderlecht.png,
569,Club Brugge KV,https://bgh1234554.github.io/football-obs-logo-cdn/clubs/Belgium/ClubBrugge.png,
742,Genk,https://bgh1234554.github.io/football-obs-logo-cdn/clubs/Belgium/Genk.png,
1393,Union St. Gilloise,https://bgh1234554.github.io/football-obs-logo-cdn/clubs/Belgium/UnionSaintGilloise.png,
247,Celtic,https://bgh1234554.github.io/football-obs-logo-cdn/clubs/Scotland/Celtic.png,
249,Hibernian,https://bgh1234554.github.io/football-obs-logo-cdn/clubs/Scotland/Hibernian.png,
252,Aberdeen,https://bgh1234554.github.io/football-obs-logo-cdn/clubs/Scotland/Aberdeen.png,
257,Rangers,https://bgh1234554.github.io/football-obs-logo-cdn/clubs/Scotland/Rangers.png,
2929,Al-Ahli Jeddah,https://bgh1234554.github.io/football-obs-logo-cdn/clubs/SaudiArabia/AlAhliSaudi.png,
2932,Al-Hilal Saudi FC,https://bgh1234554.github.io/football-obs-logo-cdn/clubs/SaudiArabia/AlHilal.png,
2938,Al-Ittihad FC,https://bgh1234554.github.io/football-obs-logo-cdn/clubs/SaudiArabia/AlIttihadJeddah.png,
2939,Al-Nassr,https://bgh1234554.github.io/football-obs-logo-cdn/clubs/SaudiArabia/AlNassr.png,
2895,Al Sadd,https://bgh1234554.github.io/football-obs-logo-cdn/clubs/Qatar/AlSadd.png,
2896,Al Ahli Doha,https://bgh1234554.github.io/football-obs-logo-cdn/clubs/Qatar/AlAhli.png,
2903,Al-Gharafa,https://bgh1234554.github.io/football-obs-logo-cdn/clubs/Qatar/AlGharafa.png,
2904,Al-Duhail SC,https://bgh1234554.github.io/football-obs-logo-cdn/clubs/Qatar/AlDuhail.png,
2905,Al-Arabi SC,https://bgh1234554.github.io/football-obs-logo-cdn/clubs/Qatar/AlArabi.png,
211,Benfica,https://bgh1234554.github.io/football-obs-logo-cdn/clubs/Portugal/Benfica.png,
228,Sporting CP,https://bgh1234554.github.io/football-obs-logo-cdn/clubs/Portugal/SportingCP.png,
276,Breidablik,https://bgh1234554.github.io/football-obs-logo-cdn/clubs/Iceland/Breidablik.png,
319,Brann,https://bgh1234554.github.io/football-obs-logo-cdn/clubs/Norway/Brann.png,
327,Bodo/Glimt,https://bgh1234554.github.io/football-obs-logo-cdn/clubs/Norway/BodoGlimt.png,
347,Lech Poznan,https://bgh1234554.github.io/football-obs-logo-cdn/clubs/Poland/LechPoznan.png,
375,Malmo FF,https://bgh1234554.github.io/football-obs-logo-cdn/clubs/Sweden/MalmoFF.png,
400,FC Copenhagen,https://bgh1234554.github.io/football-obs-logo-cdn/clubs/Denmark/Copenhagen.png,
551,FC Basel 1893,https://bgh1234554.github.io/football-obs-logo-cdn/clubs/Switzerland/Basel.png,
553,Olympiakos Piraeus,https://bgh1234554.github.io/football-obs-logo-cdn/clubs/Greece/Olympiacos.png,
556,Qarabag,https://bgh1234554.github.io/football-obs-logo-cdn/clubs/Azerbaijan/Qarabag.png,
559,FCSB,https://bgh1234554.github.io/football-obs-logo-cdn/clubs/Romania/FCSB.png,
561,HNK Rijeka,https://bgh1234554.github.io/football-obs-logo-cdn/clubs/Croatia/Rijeka.png,
566,Ludogorets,https://bgh1234554.github.io/football-obs-logo-cdn/clubs/Bulgaria/LudogoretsRazgrad.png,
567,Viktoria Plzen,https://bgh1234554.github.io/football-obs-logo-cdn/clubs/Czech%20Republic/ViktoriaPlzen.png,
571,Red Bull Salzburg,https://bgh1234554.github.io/football-obs-logo-cdn/clubs/Austria/RedBullSalzburg.png,
572,Dynamo Kyiv,https://bgh1234554.github.io/football-obs-logo-cdn/clubs/Ukraine/DynamoKyiv.png,
583,Linfield,https://bgh1234554.github.io/football-obs-logo-cdn/clubs/NorthernIreland/Linfield.png,
588,Zrinjski,https://bgh1234554.github.io/football-obs-logo-cdn/clubs/BosniaAndHerzegovina/ZrinjskiMostar.png,
598,FK Crvena Zvezda,https://bgh1234554.github.io/football-obs-logo-cdn/clubs/Serbia/CrvenaZvezda.png,
604,Maccabi Tel Aviv,https://bgh1234554.github.io/football-obs-logo-cdn/clubs/Israel/MaccabiTelAviv.png,
609,Shkendija,https://bgh1234554.github.io/football-obs-logo-cdn/clubs/NorthMacedonia/Shkendija.png,
617,Panathinaikos,https://bgh1234554.github.io/football-obs-logo-cdn/clubs/Greece/Panathinaikos.png,
637,Sturm Graz,https://bgh1234554.github.io/football-obs-logo-cdn/clubs/Austria/SturmGraz.png,
651,Ferencvarosi TC,https://bgh1234554.github.io/football-obs-logo-cdn/clubs/Hungary/Ferencvaros.png,
656,Slovan Bratislava,https://bgh1234554.github.io/football-obs-logo-cdn/clubs/Slovakia/SlovanBratislava.png,
664,Kairat Almaty,https://bgh1234554.github.io/football-obs-logo-cdn/clubs/Kazakhstan/Kairat.png,
667,Lincoln Red Imps FC,https://bgh1234554.github.io/football-obs-logo-cdn/clubs/Gibraltar/LincolnRedImps.png,
677,Olimpija Ljubljana,https://bgh1234554.github.io/football-obs-logo-cdn/clubs/Slovenia/OlimpijaLjubljana.png,
684,FC Differdange 03,https://bgh1234554.github.io/football-obs-logo-cdn/clubs/Luxembourg/Differdange03.png,
1165,KuPS,https://bgh1234554.github.io/football-obs-logo-cdn/clubs/Finland/KuPS.png,
2184,Servette FC,https://bgh1234554.github.io/football-obs-logo-cdn/clubs/Switzerland/Servette.png,
3403,Pafos,https://bgh1234554.github.io/football-obs-logo-cdn/clubs/Cyprus/Pafos.png,
3684,FC Noah,https://bgh1234554.github.io/football-obs-logo-cdn/clubs/Armenia/Noah.png,
3854,Shelbourne,https://bgh1234554.github.io/football-obs-logo-cdn/clubs/Ireland/Shelbourne.png,
4160,Rīgas FS,https://bgh1234554.github.io/football-obs-logo-cdn/clubs/Latvia/RFS.png,
4626,Hamrun Spartans,https://bgh1234554.github.io/football-obs-logo-cdn/clubs/Malta/HamrunSpartans.png,
5308,Virtus,https://bgh1234554.github.io/football-obs-logo-cdn/clubs/SanMarino/Virtus.png,
14281,Drita,https://bgh1234554.github.io/football-obs-logo-cdn/clubs/Kosovo/Drita.png,
212,FC Porto,https://bgh1234554.github.io/football-obs-logo-cdn/clubs/Portugal/Porto.png,
217,SC Braga,https://bgh1234554.github.io/football-obs-logo-cdn/clubs/Portugal/Braga.png,
339,Legia Warszawa,https://bgh1234554.github.io/football-obs-logo-cdn/clubs/Poland/LegiaWarsaw.png,
367,BK Hacken,https://bgh1234554.github.io/football-obs-logo-cdn/clubs/Sweden/Hacken.png,
397,FC Midtjylland,https://bgh1234554.github.io/football-obs-logo-cdn/clubs/Denmark/Midtjylland.png,
550,Shakhtar Donetsk,https://bgh1234554.github.io/football-obs-logo-cdn/clubs/Ukraine/ShakhtarDonetsk.png,
565,BSC Young Boys,https://bgh1234554.github.io/football-obs-logo-cdn/clubs/Switzerland/YoungBoys.png,
614,AEK Larnaca,https://bgh1234554.github.io/football-obs-logo-cdn/clubs/Cyprus/AEKLarnaca.png,
619,PAOK,https://bgh1234554.github.io/football-obs-logo-cdn/clubs/Greece/PAOK.png,
620,Dinamo Zagreb,https://bgh1234554.github.io/football-obs-logo-cdn/clubs/Croatia/DinamoZagreb.png,
1025,Wolfsberger AC,https://bgh1234554.github.io/football-obs-logo-cdn/clubs/Austria/WolfsbergerAC.png,
2246,CFR 1907 Cluj,https://bgh1234554.github.io/football-obs-logo-cdn/clubs/Romania/CFRCluj.png,
2250,Sigma Olomouc,https://bgh1234554.github.io/football-obs-logo-cdn/clubs/Czech%20Republic/SigmaOlomouc.png,
3713,Baník Ostrava,https://bgh1234554.github.io/football-obs-logo-cdn/clubs/Czech%20Republic/BanikOstrava.png,
4360,Celje,https://bgh1234554.github.io/football-obs-logo-cdn/clubs/Slovenia/Celje.png,
331,Rosenborg,https://bgh1234554.github.io/football-obs-logo-cdn/clubs/Norway/Rosenborg.png,
336,Jagiellonia,https://bgh1234554.github.io/football-obs-logo-cdn/clubs/Poland/JagielloniaBialystok.png,
407,Brondby,https://bgh1234554.github.io/football-obs-logo-cdn/clubs/Denmark/Brondby.png,
575,AEK Athens FC,https://bgh1234554.github.io/football-obs-logo-cdn/clubs/Greece/AEKAthens.png,
628,Sparta Praha,https://bgh1234554.github.io/football-obs-logo-cdn/clubs/Czech%20Republic/SpartaPraha.png,
632,Universitatea Craiova,https://bgh1234554.github.io/football-obs-logo-cdn/clubs/Romania/UniversitateaCraiova.png,
652,Shamrock Rovers,https://bgh1234554.github.io/football-obs-logo-cdn/clubs/Ireland/ShamrockRovers.png,
781,Rapid Vienna,https://bgh1234554.github.io/football-obs-logo-cdn/clubs/Austria/RapidWien.png,
1014,Lausanne,https://bgh1234554.github.io/football-obs-logo-cdn/clubs/Switzerland/LausanneSport.png,
1430,Arda Kardzhali,https://bgh1234554.github.io/football-obs-logo-cdn/clubs/Bulgaria/ArdaKardzhali.png,
2402,Gyori ETO FC,https://bgh1234554.github.io/football-obs-logo-cdn/clubs/Hungary/ETOGyor.png,
3326,Dinamo Tirana,https://bgh1234554.github.io/football-obs-logo-cdn/clubs/Albania/DinamoTirana.png,
3402,Omonia Nicosia,https://bgh1234554.github.io/football-obs-logo-cdn/clubs/Cyprus/Omonia.png,
3491,Raków Częstochowa,https://bgh1234554.github.io/football-obs-logo-cdn/clubs/Poland/RakowCzestochowa.png,
10124,Riga,https://bgh1234554.github.io/football-obs-logo-cdn/clubs/Latvia/RigaFC.png,
282,Sanfrecce Hiroshima,https://bgh1234554.github.io/football-obs-logo-cdn/clubs/Japan/SanfrecceHiroshima.png,
289,Vissel Kobe,https://bgh1234554.github.io/football-obs-logo-cdn/clubs/Japan/VisselKobe.png,
303,Machida Zelvia,https://bgh1234554.github.io/football-obs-logo-cdn/clubs/Japan/FCMachidaZelvia.png,
833,Shanghai Shenhua,https://bgh1234554.github.io/football-obs-logo-cdn/clubs/China/ShanghaiShenhua.png,
836,SHANGHAI SIPG,https://bgh1234554.github.io/football-obs-logo-cdn/clubs/China/ShanghaiPort.png,
945,Melbourne City,https://bgh1234554.github.io/football-obs-logo-cdn/clubs/Australia/MelbourneCity.png,
2523,Johor Darul Takzim FC,https://bgh1234554.github.io/football-obs-logo-cdn/clubs/Malaysia/JohorDarulTazim.png,
2737,Tractor Sazi,https://bgh1234554.github.io/football-obs-logo-cdn/clubs/Iran/Tractor.png,
2744,Sepahan FC,https://bgh1234554.github.io/football-obs-logo-cdn/clubs/Iran/Sepahan.png,
2770,Bangkok United,https://bgh1234554.github.io/football-obs-logo-cdn/clubs/Thailand/BangkokUnited.png,
2780,Buriram United,https://bgh1234554.github.io/football-obs-logo-cdn/clubs/Thailand/BuriramUnited.png,
2870,Shabab Al Ahli Dubai,https://bgh1234554.github.io/football-obs-logo-cdn/clubs/UAE/ShababAlAhli.png,
2874,Sharjah FC,https://bgh1234554.github.io/football-obs-logo-cdn/clubs/UAE/Sharjah.png,
2875,Al Wahda FC,https://bgh1234554.github.io/football-obs-logo-cdn/clubs/UAE/AlWahda.png,
4215,Nasaf,https://bgh1234554.github.io/football-obs-logo-cdn/clubs/Uzbekistan/Nasaf.png,
5242,Al Shorta,https://bgh1234554.github.io/football-obs-logo-cdn/clubs/Iraq/AlShorta.png,
5648,Chengdu Better City,https://bgh1234554.github.io/football-obs-logo-cdn/clubs/China/ChengduRongcheng.png,
293,Gamba Osaka,https://bgh1234554.github.io/football-obs-logo-cdn/clubs/Japan/GambaOsaka.png,
830,Beijing Guoan,https://bgh1234554.github.io/football-obs-logo-cdn/clubs/China/BeijingGuoan.png,
2445,Persib Bandung,https://bgh1234554.github.io/football-obs-logo-cdn/clubs/Indonesia/PersibBandung.png,
2526,Selangor,https://bgh1234554.github.io/football-obs-logo-cdn/clubs/Malaysia/Selangor.png,
2733,Esteghlal FC,https://bgh1234554.github.io/football-obs-logo-cdn/clubs/Iran/Esteghlal.jpg,
2776,Ratchaburi,https://bgh1234554.github.io/football-obs-logo-cdn/clubs/Thailand/Ratchaburi.png,
2872,Al-Wasl FC,https://bgh1234554.github.io/football-obs-logo-cdn/clubs/UAE/AlWasl.png,
3475,Goa,https://bgh1234554.github.io/football-obs-logo-cdn/clubs/India/FCGoa.png,
3674,Nam Dinh,https://bgh1234554.github.io/football-obs-logo-cdn/clubs/Vietnam/NamDinh.png,
4206,Tampines Rovers,https://bgh1234554.github.io/football-obs-logo-cdn/clubs/Singapore/TampinesRovers.png,
4209,Andijan,https://bgh1234554.github.io/football-obs-logo-cdn/clubs/Uzbekistan/FCAndijon.png,
4451,Eastern,https://bgh1234554.github.io/football-obs-logo-cdn/clubs/HongKong/EasternSC.png,
4457,Wofoo Tai Po,https://bgh1234554.github.io/football-obs-logo-cdn/clubs/HongKong/TaiPo.png,
4532,Al Hussein,https://bgh1234554.github.io/football-obs-logo-cdn/clubs/Jordan/AlHussein.png,
4537,Al Wehdat,https://bgh1234554.github.io/football-obs-logo-cdn/clubs/Jordan/AlWehdat.png,
5488,Muharraq,https://bgh1234554.github.io/football-obs-logo-cdn/clubs/Bahrain/AlMuharraq.png,
7504,Al Seeb,https://bgh1234554.github.io/football-obs-logo-cdn/clubs/Oman/AlSeeb.png,
8010,Al Zawra'a,https://bgh1234554.github.io/football-obs-logo-cdn/clubs/Iraq/AlZawraa.png,
8012,Istiqlol,https://bgh1234554.github.io/football-obs-logo-cdn/clubs/Tajikistan/FCIstiklol.png,
8020,Ahal,https://bgh1234554.github.io/football-obs-logo-cdn/clubs/Turkmenistan/AhalFK.png,
8030,Kaya,https://bgh1234554.github.io/football-obs-logo-cdn/clubs/Philippines/KayaIloilo.png,
12268,Regar-TadAZ,https://bgh1234554.github.io/football-obs-logo-cdn/clubs/Tajikistan/RegarTadAZ.jpg,
15516,ATK Mohun Bagan,https://bgh1234554.github.io/football-obs-logo-cdn/clubs/India/MohunBaganSuperGiant.png,
15550,Macarthur,https://bgh1234554.github.io/football-obs-logo-cdn/clubs/Australia/MacarthurFC.png,
16400,Công An Nhân Dân,https://bgh1234554.github.io/football-obs-logo-cdn/clubs/Vietnam/CongAnHaNoi.png,
17666,Khalidiya,https://bgh1234554.github.io/football-obs-logo-cdn/clubs/Bahrain/AlKhaldiya.png,
21232,Arkadag,https://bgh1234554.github.io/football-obs-logo-cdn/clubs/Turkmenistan/Arkadag.png,
21576,Manila Digger,https://bgh1234554.github.io/football-obs-logo-cdn/clubs/Philippines/ManilaDigger.png,
3535,Al Kuwait,https://bgh1234554.github.io/football-obs-logo-cdn/clubs/Kuwait/KuwaitSC.png,
4569,Al Ansar,https://bgh1234554.github.io/football-obs-logo-cdn/clubs/Lebanon/AlAnsar.png,
4573,Safa,https://bgh1234554.github.io/football-obs-logo-cdn/clubs/Lebanon/Safa.png,
5012,Bashundhara Kings,https://bgh1234554.github.io/football-obs-logo-cdn/clubs/Bangladesh/BashundharaKings.png,
5329,Al-Shabab,https://bgh1234554.github.io/football-obs-logo-cdn/clubs/Oman/AlShabab.png,
5394,Phnom Penh Crown,https://bgh1234554.github.io/football-obs-logo-cdn/clubs/Cambodia/PhnomPenhCrown.png,
5396,Svay Rieng,https://bgh1234554.github.io/football-obs-logo-cdn/clubs/Cambodia/SvayRieng.png,
8015,Shan United,https://bgh1234554.github.io/football-obs-logo-cdn/clubs/Myanmar/ShanUnited.png,
8023,Altyn Asyr,https://bgh1234554.github.io/football-obs-logo-cdn/clubs/Turkmenistan/AltynAsyr.png,
9426,Paro,https://bgh1234554.github.io/football-obs-logo-cdn/clubs/Bhutan/ParoFC.png,
12234,Abdish-Ata,https://bgh1234554.github.io/football-obs-logo-cdn/clubs/Kyrgyzstan/AbdyshAta.png,
12543,Tainan City,https://bgh1234554.github.io/football-obs-logo-cdn/clubs/Taiwan/TainanCity.png,
14094,Ezra,https://bgh1234554.github.io/football-obs-logo-cdn/clubs/Lebanon/Ezra.png,
16186,Falcons,https://bgh1234554.github.io/football-obs-logo-cdn/clubs/Mongolia/SPFalcons.png,
17902,Dewa United,https://bgh1234554.github.io/football-obs-logo-cdn/clubs/Indonesia/DewaUnited.png,
21167,Muras United,https://bgh1234554.github.io/football-obs-logo-cdn/clubs/Kyrgyzstan/MurasUnited.png,
26146,PSK Dinskaya,https://bgh1234554.github.io/football-obs-logo-cdn/clubs/Russia/PSKDinskaya.png,
27646,Izberbash,https://bgh1234554.github.io/football-obs-logo-cdn/clubs/Russia/NeftyanikIzberbash.png,
6830,Torpedo Vladimir,https://bgh1234554.github.io/football-obs-logo-cdn/clubs/Russia/TorpedoVladimir.png,
19452,Kosmos Dolgoprudny,https://bgh1234554.github.io/football-obs-logo-cdn/clubs/Russia/KosmosDolgoprudny.png,
27645,Iskra Smolensk,https://bgh1234554.github.io/football-obs-logo-cdn/clubs/Russia/IskraSmolensk.png,
16858,Khimik Dzerzhinsk,https://bgh1234554.github.io/football-obs-logo-cdn/clubs/Russia/KhimikDzerzhinsk.png,
27650,Izhevsk,https://bgh1234554.github.io/football-obs-logo-cdn/clubs/Russia/Izhevsk.png,
27651,Pobeda Nizhniy Novgorod,https://bgh1234554.github.io/football-obs-logo-cdn/clubs/Russia/PobedaNizhnyNovgorod.png,
14124,Volna Nizhegorodskaya,https://bgh1234554.github.io/football-obs-logo-cdn/clubs/Russia/VolnaNizhnyNovgorod.png,
16866,Zenit Penza,https://bgh1234554.github.io/football-obs-logo-cdn/clubs/Russia/ZenitPenza.png,
26148,Shumbrat,https://bgh1234554.github.io/football-obs-logo-cdn/clubs/Russia/ShumbratSaransk.png,
1350,Peterborough United,https://bgh1234554.github.io/football-obs-logo-cdn/clubs/England/PeterboroughUnited.svg
1124,OFI Crete,https://bgh1234554.github.io/football-obs-logo-cdn/clubs/Greece/OFICrete.svg
535,Malaga,https://bgh1234554.github.io/football-obs-logo-cdn/clubs/Spain/Malaga.svg