player_id, name_short, name_long, position, nationality, name_ko_long, name_ko_short
625, P. Sandler, Philippe Sandler, Defender, Netherlands, 필리프 산들러, P. 산들러
2068, M. Safonov, Matvey Safonov, Goalkeeper, Russia, 마트베이 사포노프, M. 사포노프
483, Kh. Kvaratskhelia, Khvicha Kvaratskhelia, Attacker, Georgia, 흐비차 크바라츠헬리아, Kh. 크바라츠헬리아
186, Son Heung-Min, Son Heung-Min, Attacker, South Korea, 손흥민, 손흥민
9026, N. Vasilj, Nikola Vasilj, Goalkeeper, Bosnia and Herzegovina, 니콜라 바실, N. 바실
7318, A. Dedic, Amar Dedic, Defender, Bosnia and Herzegovina, 아마르 데디치, A. 데디치
1741, N. Katic, Nikola Katic, Defender, Bosnia and Herzegovina, 니콜라 카티치, N. 카티치
271350, T. Muharemovic, Tarik Muharemovic, Defender, Bosnia and Herzegovina, 타리크 무하레모비치, T. 무하레모비치
1442, S. Kolasinac, Sead Kolasinac, Defender, Bosnia and Herzegovina, 세아드 콜라시나츠, S. 콜라시나츠
329409, E. Bajraktarevic, Esmir Bajraktarevic, Midfielder, Bosnia and Herzegovina, 에스미르 바이락타레비치, E. 바이락타레비치
162222, I. Basic, Ivan Basic, Midfielder, Bosnia and Herzegovina, 이반 바시치, I. 바시치
1324, I. Sunjic, Ivan Sunjic, Midfielder, Bosnia and Herzegovina, 이반 슈니치, I. 슈니치
322101, A. Memic, Amar Memic, Midfielder, Bosnia and Herzegovina, 아마르 메미치, A. 메미치
46930, E. Demirovic, Ermedin Demirovic, Attacker, Bosnia and Herzegovina, 에르메딘 데미로비치, E. 데미로비치
790, E. Dzeko, Edin Dzeko, Attacker, Bosnia and Herzegovina, 에딘 제코, E. 제코
108370, M. Zlomislic, Martin Zlomislic, Goalkeeper, Bosnia and Herzegovina, 마르틴 즐로미슬리치, M. 즐로미슬리치
70480, O. Hadzikic, Osman Hadzikic, Goalkeeper, Bosnia and Herzegovina, 오스만 하지키치, O. 하지키치
395589, N. Celik, Nidal Celik, Defender, Bosnia and Herzegovina, 니달 첼리크, N. 첼리크
395559, K. Alajbegovic, Kerim Alajbegovic, Attacker, Bosnia and Herzegovina, 케림 알라이베고비치, K. 알라이베고비치
28382, H. Tabakovic, Haris Tabakovic, Attacker, Bosnia and Herzegovina, 하리스 타바코비치, H. 타바코비치
50006, A. Hadziahmetovic, Amir Hadziahmetovic, Midfielder, Bosnia and Herzegovina, 아미르 하지아흐메토비치, A. 하지아흐메토비치
25129, D. Burnic, Dzenis Burnic, Midfielder, Bosnia and Herzegovina, 제니스 부르니치, D. 부르니치
14301, S. Radeljic, Stjepan Radeljic, Defender, Bosnia and Herzegovina, 스테판 라델리치, S. 라델리치
76867, N. Mujakic, Nihad Mujakic, Defender, Bosnia and Herzegovina, 니하드 무야키치, N. 무야키치
70514, A. Gigovic, Armin Gigovic, Midfielder, Bosnia and Herzegovina, 아르민 기고비치, A. 기고비치
264094, B. Tahirovic, Benjamin Tahirovic, Midfielder, Bosnia and Herzegovina, 베냐민 타히로비치, B. 타히로비치
314377, S. Bazdar, Samed Bazdar, Attacker, Bosnia and Herzegovina, 사메드 바주다르, S. 바주다르
1622, G. Donnarumma, Gianluigi Donnarumma, Goalkeeper, Italy, 잔루이지 돈나룸마, G. 돈나룸마
30425, G. Mancini, Gianluca Mancini, Defender, Italy, 잔루카 만치니, G. 만치니
31009, A. Bastoni, Alessandro Bastoni, Defender, Italy, 알레산드로 바스토니, A. 바스토니
157052, R. Calafiori, Riccardo Calafiori, Defender, Italy, 리카르도 칼라피오리, R. 칼라피오리
219, M. Politano, Matteo Politano, Midfielder, Italy, 마테오 폴리타노, M. 폴리타노
30558, N. Barella, Nicolo Barella, Midfielder, Italy, 니콜로 바렐라, N. 바렐라
30533, M. Locatelli, Manuel Locatelli, Midfielder, Italy, 마누엘 로카텔리, M. 로카텔리
31146, S. Tonali, Sandro Tonali, Midfielder, Italy, 산드로 토날리, S. 토날리
31010, F. Dimarco, Federico Dimarco, Midfielder, Italy, 페데리코 디마르코, F. 디마르코
877, M. Kean, Moise Kean, Attacker, Italy, 모이스 킨, M. 킨
6420, M. Retegui, Mateo Retegui, Attacker, Italy, 마테오 레테기, M. 레테기
312, A. Meret, Alex Meret, Goalkeeper, Italy, 알렉스 메레트, A. 메레트
30417, M. Carnesecchi, Marco Carnesecchi, Goalkeeper, Italy, 마르코 카르네세키, M. 카르네세키
31173, D. Frattesi, Davide Frattesi, Midfielder, Italy, 다비데 프라테시, D. 프라테시
30543, G. Raspadori, Giacomo Raspadori, Attacker, Italy, 자코모 라스파도리, G. 라스파도리
31226, A. Buongiorno, Alessandro Buongiorno, Defender, Italy, 알레산드로 부온조르노, A. 부온조르노
127011, A. Cambiaso, Andrea Cambiaso, Defender, Italy, 안드레아 캄비아소, A. 캄비아소
268341, F. Gatti, Federico Gatti, Defender, Italy, 페데리코 가티, F. 가티
345808, F. Esposito, Francesco Pio Esposito, Attacker, Italy, 프란체스코 피오 에스포시토, F. 에스포시토
356888, N. Pisilli, Niccolo Pisilli, Midfielder, Italy, 니콜로 피실리, N. 피실리
383018, M. Palestra, Marco Palestra, Defender, Italy, 마르코 팔레스트라, M. 팔레스트라
778, B. Cristante, Bryan Cristante, Midfielder, Italy, 브리안 크리스탄테, B. 크리스탄테
862, L. Spinazzola, Leonardo Spinazzola, Defender, Italy, 레오나르도 스피나촐라, L. 스피나촐라
310187, S. Bajcetic, Stefan Bajcetic, Midfielder, Spain, 스테판 바이체티치, S. 바이체티치
180317, C. Bradley, Conor Bradley, Defender, Northern Ireland, 코너 브래들리, C. 브래들리
8500, W. Endo, Wataru Endo, Midfielder, Japan, 엔도 와타루, W. 엔도
2864, A. Isak, Alexander Isak, Attacker, Sweden, 알렉산데르 이사크, A. 이사크
409047, G. Leoni, Giovanni Leoni, Defender, Italy, 조반니 레오니, G. 레오니
863, R. Bentancur, Rodrigo Bentancur, Midfielder, Uruguay, 로드리고 벤탄쿠르, R. 벤탄쿠르
347316, L. Bergvall, Lucas Bergvall, Midfielder, Sweden, 루카스 베리발, L. 베리발
18968, Y. Bissouma, Yves Bissouma, Midfielder, Mali, 이브 비수마, Y. 비수마
164, B. Davies, Ben Davies, Defender, Wales, 벤 데이비스, B. 데이비스
67972, C. Gallagher, Conor Gallagher, Midfielder, England, 코너 갤러거, C. 갤러거
15911, M. Kudus, Mohammed Kudus, Attacker, Ghana, 모하메드 쿠두스, M. 쿠두스
30435, D. Kulusevski, Dejan Kulusevski, Attacker, Sweden, 데얀 쿨루셰프스키, D. 쿨루셰프스키
18784, J. Maddison, James Maddison, Midfielder, England, 제임스 매디슨, J. 매디슨
336564, W. Odobert, Wilson Odobert, Attacker, France, 윌손 오도베르, W. 오도베르
41104, J. Palhinha, Joao Palhinha, Midfielder, Portugal, 주앙 팔리냐, J. 팔리냐
30776, C. Romero, Cristian Romero, Defender, Argentina, 크리스티안 로메로, C. 로메로
204039, D. Udogie, Destiny Udogie, Defender, Italy, 데스티니 우도기, D. 우도기
152849, M. van de Ven, Micky van de Ven, Defender, Netherlands, 미키 판더펜, M. 판더펜
280, Alisson, Alisson Becker, Goalkeeper, Brazil, 알리송 베케르, 알리송
1096, D. Szoboszlai, Dominik Szoboszlai, Midfielder, Hungary, 소보슬러이 도미니크, D. 소보슬러이
284, J. Gomez, Joe Gomez, Defender, England, 조 고메즈, J. 고메즈
290, V. van Dijk, Virgil van Dijk, Defender, Netherlands, 버질 판데이크, V. 판데이크
289, A. Robertson, Andrew Robertson, Defender, Scotland, 앤드류 로버트슨, A. 로버트슨
542, R. Gravenberch, Ryan Gravenberch, Midfielder, Netherlands, 라이언 흐라번베르흐, R. 흐라번베르흐
6716, A. Mac Allister, Alexis Mac Allister, Midfielder, Argentina, 알렉시스 맥 앨리스터, A. 맥 앨리스터
152654, J. Frimpong, Jeremie Frimpong, Defender, Netherlands, 제레미 프림퐁, J. 프림퐁
203224, F. Wirtz, Florian Wirtz, Midfielder, Germany, 플로리안 비르츠, F. 비르츠
452685, R. Ngumoha, Rio Ngumoha, Attacker, England, 리오 은구모하, R. 은구모하
247, C. Gakpo, Cody Gakpo, Attacker, Netherlands, 코디 학포, C. 학포
24760, G. Mamardashvili, Giorgi Mamardashvili, Goalkeeper, Georgia, 기오르기 마마르다슈빌리, G. 마마르다슈빌리
306, M. Salah, Mohamed Salah, Attacker, Egypt, 모하메드 살라, M. 살라
30410, F. Chiesa, Federico Chiesa, Attacker, Italy, 페데리코 키에사, F. 키에사
1145, I. Konate, Ibrahima Konate, Defender, France, 이브라히마 코나테, I. 코나테
293, C. Jones, Curtis Jones, Midfielder, England, 커티스 존스, C. 존스
206254, M. Kerkez, Milos Kerkez, Defender, Hungary, 케르케즈 밀로시, M. 케르케즈
174565, H. Ekitike, Hugo Ekitike, Attacker, France, 위고 에키티케, H. 에키티케
135525, C. Ramsay, Calvin Ramsay, Defender, Scotland, 캘빈 램지, C. 램지
397997, T. Nyoni, Trey Nyoni, Midfielder, England, 트레이 뇨니, T. 뇨니
31354, G. Vicario, Guglielmo Vicario, Goalkeeper, Italy, 굴리엘모 비카리오, G. 비카리오
47519, P. Porro, Pedro Porro, Defender, Spain, 페드로 포로, P. 포로
25287, K. Danso, Kevin Danso, Defender, Austria, 케빈 단소, K. 단소
162498, R. Dragusin, Radu Dragusin, Defender, Romania, 라두 드러구신, R. 드러구신
19235, D. Spence, Djed Spence, Defender, England, 제드 스펜스, D. 스펜스
414455, Souza, Souza, Midfielder, Brazil, 소자, 소자
328089, A. Gray, Archie Gray, Midfielder, England, 아치 그레이, A. 그레이
237129, P. M. Sarr, Pape Matar Sarr, Midfielder, Senegal, 파프 마타르 사르, P. M. 사르
270510, M. Tel, Mathys Tel, Attacker, France, 마티스 텔, M. 텔
2413, Richarlison, Richarlison, Attacker, Brazil, 히샤를리송, 히샤를리송
18883, D. Solanke, Dominic Solanke, Attacker, England, 도미닉 솔랑키, D. 솔랑키
156428, B. Austin, Brandon Austin, Goalkeeper, England, 브랜든 오스틴, B. 오스틴
265826, A. Kinsky, Antonin Kinsky, Goalkeeper, Czech Republic, 안토닌 킨스키, A. 킨스키
21104, R. Kolo Muani, Randal Kolo Muani, Attacker, France, 랑달 콜로 무아니, R. 콜로 무아니
361735, J. Rowswell, James Rowswell, Defender, England, 제임스 로즈웰, J. 로즈웰
162016, X. Simons, Xavi Simons, Midfielder, Netherlands, 사비 시몬스, X. 시몬스
418942, J. Wilson, James Wilson, Attacker, Wales, 제임스 윌슨, J. 윌슨
380689, C. Olusesi, Callum Olusesi, Midfielder, England, 칼럼 올루세시, C. 올루세시
50132,A. Bayındır,Altay Bayındır,Goalkeeper,Türkiye,,
2931,T. Heaton,Thomas David Heaton,Goalkeeper,England,,
162511,S. Lammens,Senne Lammens,Goalkeeper,Belgium,,
886,Diogo Dalot,José Diogo Dalot Teixeira,Defender,Portugal,,
382452,P. Dorgu,Patrick Chinazaekpere Dorgu,Midfielder,Denmark,,
328101,T. Fredricson,Tyler Fredricson,Defender,England,,
402329,A. Heaven,Ayden Heaven,Defender,England,,
440159,G. Kukonki,Godwill Kukonki,Defender,England,,
475598,D. León,Diego Basilio León Blanco,Defender,Paraguay,,
2935,H. Maguire,Jacob Harry Maguire,Defender,England,,
37145,T. Malacia,Tyrell Johannes Chicco Malacia,Defender,Netherlands,,
2467,Lisandro Martínez,Lisandro Martínez,Defender,Argentina,,
545,N. Mazraoui,Noussair Mazraoui,Defender,Morocco,,
891,L. Shaw,Luke Paul Hoare Shaw,Defender,England,,
342970,L. Yoro,Leny Yoro,Defender,France,,
532,M. de Ligt,Matthijs de Ligt,Defender,Netherlands,,
747,Casemiro,Carlos Henrique Casimiro,Midfielder,Brazil,,
1485,Bruno Fernandes,Bruno Miguel Borges Fernandes,Midfielder,Portugal,,
383770,J. Fletcher,Jack Andrew Davidson Fletcher,Midfielder,England,,
557460,T. Fletcher,,Midfielder,,,
284322,K. Mainoo,Kobbie Boateng Mainoo,Midfielder,England,,
344229,J. Moorhouse,Jack Lee Moorhouse,Midfielder,England,,
19220,M. Mount,Mason Tony Mount,Midfielder,England,,
51494,M. Ugarte,Manuel Ugarte Ribeiro,Midfielder,Uruguay,,
1165,Matheus Cunha,Matheus Santos Carneiro da Cunha,Attacker,Brazil,,
157997,A. Diallo,Amad Diallo Traoré,Attacker,Côte d'Ivoire,,
557462,S. Lacey,Shea Lacey,Attacker,England,,
404769,Bendito Mantato,Bendito Mantato,Attacker,England,,
20589,B. Mbeumo,Bryan Tetsadong Marceau Mbeumo,Attacker,Cameroon,,
389309,O. Martin,Chidozie Obi-Martin,Attacker,Denmark,,
115589,B. Šeško,Benjamin Šeško,Attacker,Slovenia,,
70100,J. Zirkzee,Joshua Orobosa Zirkzee,Attacker,Netherlands,,
365988,Aidan Harris,Aidan Harris,Goalkeeper,England,,
557523,A. Harrison,Alfie Harrison,Goalkeeper,England,,
18911,N. Pope,Nicholas David Pope,Goalkeeper,England,,
20355,A. Ramsdale,Aaron Christopher Ramsdale,Goalkeeper,England,,
18737,J. Ruddy,John Thomas Gordon Ruddy,Goalkeeper,England,,
38734,S. Botman,Sven Adriaan Botman,Defender,Netherlands,,
18961,D. Burn,Daniel Johnson Burn,Defender,England,,
284492,L. Hall,Lewis Kieran Hall,Defender,England,,
2855,E. Krafth,Emil Henry Kristoffer Krafth,Defender,Sweden,,
158694,T. Livramento,Valentino Francisco Livramento,Defender,England,,
318056,A. Murphy,Alex Murphy,Defender,Republic of Ireland,,
2806,F. Schär,Fabian Lukas Schär,Defender,Switzerland,,
337934,L. Shahar,Leo Shahar,Defender,England,,
163189,M. Thiaw,Malick Laye Thiaw,Defender,Germany,,
169,K. Trippier,Kieran John Trippier,Defender,England,,
567998,S. Alabi,,Midfielder,,,
10135,Bruno Guimarães,Bruno Guimarães Rodriguez Moura,Midfielder,Brazil,,
723,Joelinton,Joelinton Cássio Apolinário de Lira,Midfielder,Brazil,,
328105,L. Miley,Lewis Miley,Midfielder,England,,
19163,J. Murphy,Jacob Kai Murphy,Midfielder,England,,
394165,S. Neave,Sean Thoms Neave,Attacker,England,,
423714,Park Seung-Soo,Seung-Soo Park,Attacker,Korea Republic,,
19192,J. Ramsey,Jacob Matthew Ramsey,Midfielder,England,,
1463,J. Willock,Joseph George Willock,Midfielder,England,,
18778,H. Barnes,Harvey Lewis Barnes,Midfielder,England,,
153430,A. Elanga,Anthony David Junior Elanga,Attacker,Sweden,,
138787,A. Gordon,Anthony Michael Gordon,Midfielder,England,,
315237,W. Osula,William Idamudia Daugaard Osula,Attacker,Denmark,,
20649,Y. Wissa,Yoane Wissa,Attacker,Congo DR,,
158054,N. Woltemade,Nick Woltemade,Attacker,Germany,,
18932,F. Forster,Fraser Gerard Forster,Goalkeeper,England,,
26644,C. Mandas,Christos Mandas,Goalkeeper,Greece,,
118307,Đ. Petrović,Đorđe Petrović,Goalkeeper,Serbia,,
22136,B. Diakité,Bafodé Diakité,Defender,France,,
20093,J. Hill,James Clayton Hill,Defender,England,,
330437,Álex Jiménez,Alejandro Jiménez Sánchez,Defender,Spain,,
412719,Veljko Milosavljević,Veljko Milosavljević,Defender,Serbia,,
6610,M. Senesi,Marcos Nicolás Senesi Barón,Defender,Argentina,,
18869,A. Smith,Adam James Smith,Defender,England,,
363333,J. Soler,Julio César Soler Barreto,Defender,Argentina,,
162267,A. Truffert,Adrien Truffert,Defender,France,,
1150,T. Adams,Tyler Shaan Adams,Midfielder,USA,,
129682,A. Adli,Amine Adli,Attacker,Morocco,,
1125,R. Christie,Ryan Christie,Midfielder,Scotland,,
18872,L. Cook,Lewis John Cook,Midfielder,England,,
390769,Michael Dacosta,Michael Dacosta Gonzales,Midfielder,Spain,,
626383,Malcom Dacosta,,Midfielder,,,
304853,A. Scott,Alex Jay Scott,Midfielder,England,,
573755,C. Stevens,,Midfielder,,,
19245,M. Tavernier,Marcus Joseph Tavernier,Midfielder,England,,
361485,A. Tóth,Alex Tóth,Midfielder,Hungary,,
18870,D. Brooks,David Robert Brooks,Midfielder,Wales,,
343576,B. Doak,Ben Gannon Doak,Attacker,Scotland,,
152856,Evanilson,Francisco Evanilson de Lima Barbosa,Attacker,Brazil,,
792,J. Kluivert,Justin Dean Kluivert,Midfielder,Netherlands,,
368030,E. Kroupi,Eli Junior Kroupi,Attacker,France,,
407806,Rayan,Rayan Vitor Simplício Rocha,Attacker,Brazil,,
402434,Remy Rees-Dottin,Remy Rees-Dottin,Attacker,England,,
47499,E. Ünal,Enes Ünal,Attacker,Türkiye,,
21566,B. Lecomte,Benjamin Pascal Lecomte,Goalkeeper,France,,
1438,B. Leno,Bernd Leno,Goalkeeper,Germany,,
288129,Alfie Shane McNally,Alfie Shane McNally,Goalkeeper,England,,
384981,S. Amissah,Samuel Amissah,Defender,England,,
2729,J. Andersen,Joachim Christian Andersen,Defender,Denmark,,
152967,C. Bassey,Calvin Bassey Ughelumba,Defender,Nigeria,,
2920,T. Castagne,Timothy Castagne,Defender,Belgium,,
131,Jorge Cuenca,Jorge Cuenca Barreno,Defender,Spain,,
18814,I. Diop,Issa Laye Lucas Jean Diop,Defender,France,,
19549,A. Robinson,Antonee Robinson,Defender,USA,,
657,K. Tete,Kenny Joelle Tete,Defender,Netherlands,,
1934,S. Berge,Sander Gard Bolin Berge,Midfielder,Norway,,
278133,Oscar Bobb,Oscar Bobb,Midfielder,Norway,,
19025,T. Cairney,Thomas Cairney,Midfielder,Scotland,,
1455,A. Iwobi,Alexander Chuka Iwobi,Midfielder,Nigeria,,
389315,Joshua King,Joshua King,Midfielder,England,,
2823,S. Lukić,Saša Lukić,Midfielder,Serbia,,
19480,H. Reed,Harrison James Reed,Midfielder,England,,
557335,S. Ridgeon,,Midfielder,,,
19032,R. Sessegnon,Kouassi Ryan Sessegnon,Midfielder,England,,
1161,E. Smith Rowe,Emile Smith Rowe,Midfielder,England,,
19221,H. Wilson,Harry Wilson,Midfielder,Wales,,
1696,S. Chukwueze,Samuel Chimerenka Chukwueze,Attacker,Nigeria,,
2887,R. Jiménez,Raúl Alonso Jiménez Rodríguez,Attacker,Mexico,,
237819,Kevin,Kevin Santos Lopes de Macedo,Midfielder,Brazil,,
436443,J. Kusi-Asare,Jonah Kusi-Asare,Attacker,Sweden,,
195106,Rodrigo Muniz,Rodrigo Muniz Carvalho,Attacker,Brazil,,
19341,D. Bentley,Daniel Ian Bentley,Goalkeeper,England,,
19143,S. Johnstone,Samuel Luke Johnstone,Goalkeeper,England,,
1590,José Sá,José Pedro Malheiro de Sá,Goalkeeper,Portugal,,
280687,Hugo Bueno,Hugo Bueno López,Midfielder,Spain,,
135334,S. Bueno,Santiago Ignacio Bueno Sciutto,Defender,Uruguay,,
18742,M. Doherty,Matthew James Doherty,Defender,Republic of Ireland,,
282770,Rodrigo Gomes,Rodrigo Martins Gomes,Defender,Portugal,,
66407,L. Krejčí,Ladislav Krejčí,Defender,Czechia,,
397999,S. Olagunju,Saheed Olagunju,Defender,England,,
449245,Pedro Lima,Pedro Henrique Cardoso de Lima,Defender,Brazil,,
41606,Toti Gomes,Tote António Gomes,Defender,Portugal,,
265782,D. Møller Wolfe,David Møller Wolfe,Defender,Norway,,
265784,André,André Trindade da Costa Neto,Midfielder,Brazil,,
20665,J. Bellegarde,Jean-Ricner Bellegarde,Midfielder,France,,
546745,T. Edozie,,Midfielder,,,
896,A. Gomes,Adilson Angel Abreu de Almeida Gomes,Midfielder,England,,
195103,João Gomes,João Victor Gomes da Silva,Midfielder,Brazil,,
195717,Y. Mosquera,Yerson Mosquera Valdelamar,Defender,Colombia,,
401098,L. Rawlings,Luke Rawlings,Midfielder,England,,
19484,A. Armstrong,Adam James Armstrong,Attacker,England,,
110153,T. Arokodare,Toluwalase Emmanuel Arokodare,Attacker,Nigeria,,
385726,E. González,Enso David González Medina,Attacker,Paraguay,,
24888,Hwang Hee-Chan,Hee-Chan Hwang,Attacker,Korea Republic,,
456206,M. Mane,Mateus Bula Dami Mané,Attacker,England,,
379678,Ethan Sutherland,Ethan Sutherland,Midfielder,Scotland,,
296560,J. Tchatchoua,Jackson Tchatchoua,Midfielder,Cameroon,,
415992,K. Miściur,Kornel Artur Miściur,Goalkeeper,England,,
342467,Á. Pécsi,Ármin Pécsi,Goalkeeper,Hungary,,
18889,F. Woodman,Frederick John Woodman,Goalkeeper,England,,
328081,W. Omoruyi,Wellity Lucky Omoruyi,Defender,Spain,,
380666,C. Pinnington,Carter Pinnington,Defender,England,,
339205,M. Laffey,Michael Mark Paul Laffey,Midfielder,England,,
389032,K. Morrison,Kieran Morrison,Midfielder,England,,
407032,A. Nallo,Amara Nallo,Defender,England,,
301286,Tommy Pilling,Tommy James Pilling,Midfielder,England,,
344223,K. Figueroa,Keyrol Alexis Figueroa Norales,Attacker,USA,,
286764,Kaide Gordon,Kaide Gordon,Midfielder,England,,
2273,Kepa,Kepa Arrizabalaga Revuelta,Goalkeeper,Spain,,
416697,J. Porter,Jack Porter,Goalkeeper,England,,
403221,K. Ranson,Khari Ranson,Goalkeeper,England,,
19465,David Raya,David Raya Martin,Goalkeeper,Spain,,
337933,Alexei Rojas Fedorushchenko,Alexei Rojas Fedorushchenko,Goalkeeper,Colombia,,
342243,T. Setford,Tommy Hogan Setford,Goalkeeper,England,,
22224,Gabriel Magalhães,Gabriel dos Santos Magalhães,Defender,Brazil,,
127817,P. Hincapié,Piero Martín Hincapié Reyna,Defender,Ecuador,,
313245,M. Lewis-Skelly,Myles Anthony Lewis-Skelly,Defender,England,,
333682,Cristhian Mosquera,Cristhian Andrey Mosquera Ibargüen,Defender,Spain,,
380696,Joshua Nichols,Joshua Nichols,Defender,England,,
22090,W. Saliba,William Alain André Gabriel Saliba,Defender,France,,
482903,M. Salmon,Marli Ellis Salmon,Defender,England,,
38746,J. Timber,Jurriën David Norman Timber,Defender,Netherlands,,
19959,B. White,Benjamin William White,Defender,England,,
442044,M. Dowman,Max Dowman,Midfielder,England,,
19586,E. Eze,Eberechi Oluchi Eze,Midfielder,England,,
553530,I. Ibrahim,,Midfielder,,,
47311,Mikel Merino,Mikel Merino Zazón,Midfielder,Spain,,
30407,C. Nørgaard,Christian Thers Nørgaard,Midfielder,Denmark,,
37127,M. Ødegaard,Martin Ødegaard,Midfielder,Norway,,
2937,D. Rice,Declan Rice,Midfielder,England,,
47315,Martín Zubimendi,Martín Zubimendi Ibáñez,Midfielder,Spain,,
463908,B. Bailey-Joseph,Brando Nyle Bailey-Joseph,Attacker,England,,
643,Gabriel Jesus,Gabriel Fernando de Jesus,Attacker,Brazil,,
18979,V. Gyökeres,Viktor Einar Gyökeres,Attacker,Sweden,,
457731,A. Annous,Andre Annous,Attacker,England,,
978,K. Havertz,Kai Lukas Havertz,Midfielder,Germany,,
136723,N. Madueke,Chukwunonso Tristan Madueke,Midfielder,England,,
127769,Gabriel Martinelli,Gabriel Teodoro Martinelli Silva,Midfielder,Brazil,,
557442,C. O'Neill,,Attacker,,,
1460,B. Saka,Bukayo Ayoyinka Temidayo Saka,Midfielder,England,,
1946,L. Trossard,Leandro Trossard,Midfielder,Belgium,,
18886,M. Dúbravka,Martin Dúbravka,Goalkeeper,Slovakia,,
44994,V. Hladký,Václav Hladký,Goalkeeper,Czechia,,
328273,M. Weiß,Max Weiß,Goalkeeper,Germany,,
47903,H. Ekdal,Hjalmar Ekdal,Defender,Sweden,,
179400,M. Estève,Maxime Estève,Defender,France,,
375915,Q. Hartman,Quilindschy Hartman,Defender,Netherlands,,
181797,B. Humphreys,Bashir Humphreys,Defender,England,,
330238,Lucas Pires,Lucas Pires Silva,Defender,Brazil,,
637787,C. Scott,,Defender,,,
19182,A. Tuanzebe,Axel Tuanzebe,Defender,England,,
627,K. Walker,Kyle Andrew Walker,Defender,England,,
1746,J. Worrall,Joseph Adrian Worrall,Defender,England,,
361388,E. Agyei,Enock Atta Agyei,Attacker,Belgium,,
503414,G. Brierley,,Midfielder,,,
22,J. Bruun Larsen,Jacob Bruun Larsen,Attacker,Denmark,,
19827,J. Cullen,Joshua Jon Cullen,Midfielder,Republic of Ireland,,
36927,Z. Flemming,Zian Flemming,Attacker,Netherlands,,
575,Florentino,Florentino Ibrain Morris Luís,Midfielder,Portugal,,
20303,J. Laurent,Joshua Ishaele Jacob-Heron Hunt-Laurent,Midfielder,England,,
557387,K. M. Brown,,Attacker,,,
180560,H. Mejbri,Hannibal Mejbri,Midfielder,Tunisia,,
456637,O. Pimlott,Oliver Pimlott,Midfielder,England,,
270508,L. Ugochukwu,Lesley Chimuanya Ugochukwu,Midfielder,France,,
2938,J. Ward-Prowse,James Michael Edward Ward-Prowse,Midfielder,England,,
196855,J. Anthony,Jaidon Kya Denley Anthony,Midfielder,England,,
18927,A. Barnes,Ashley Luke Barnes,Attacker,England,,
138822,A. Broja,Armando Broja,Attacker,Albania,,
37882,M. Edwards,Marcus Edwards,Attacker,England,,
98936,L. Foster,Lyle Brent Foster,Attacker,South Africa,,
161621,L. Tchaouna,Loum Tchaouna,Attacker,France,,
37381,M. Trésor,Mike Trésor Ndayishimiye,Attacker,Belgium,,
82855,T. King,Thomas Lloyd King,Goalkeeper,Wales,,
2932,J. Pickford,Jordan Lee Pickford,Goalkeeper,England,,
18860,M. Travers,Mark Travers,Goalkeeper,Republic of Ireland,,
431921,Adam Aznou Ben Cheikh,Adam Aznou Ben Cheikh,Defender,Spain,,
17661,J. Branthwaite,Jarrad Paul Branthwaite,Defender,England,,
18758,S. Coleman,Séamus Coleman,Midfielder,Republic of Ireland,,
2934,M. Keane,Michael Vincent Keane,Defender,England,,
2165,V. Mykolenko,Vitalii Mykolenko,Defender,Ukraine,,
270139,J. O&apos;Brien,Jake O'Brien,Defender,Republic of Ireland,,
138417,N. Patterson,Nathan Kenneth Patterson,Defender,Scotland,,
2936,J. Tarkowski,James Alan Tarkowski,Defender,England,,
284327,R. Welch,Reece Belfield Welch,Defender,England,,
195993,C. Alcaraz,Carlos Jonas Alcaraz Duran,Midfielder,Argentina,,
405360,H. Armstrong,Harrison Armstrong,Midfielder,England,,
546654,C. Bates,,Midfielder,,,
148099,K. Dewsbury-Hall,Kiernan Frank Dewsbury-Hall,Midfielder,England,,
895,J. Garner,James David Garner,Midfielder,England,,
19187,J. Grealish,Jack Peter Grealish,Midfielder,England,,
2990,I. Gueye,Idrissa Gana Gueye,Midfielder,Senegal,,
284500,T. Iroegbunam,Timothy Emeka Iroegbunam,Midfielder,England,,
18929,D. McNeil,Dwight James Matthew McNeil,Midfielder,England,,
588468,Malik Olayiwola,,Midfielder,,,
202854,M. Röhl,Merlin Röhl,Midfielder,Germany,,
343684,T. Barry,Thierno Barry,Attacker,France,,
125743,Beto,Norberto Bercique Gomes Betuncal,Attacker,Portugal,,
304317,T. Dibling,Tyler-Jay Dibling,Midfielder,England,,
334037,Tyrique George,Tyrique Aaron Delali Yusuff George,Attacker,England,,
413034,B. Graham,Braiden Graham,Attacker,Northern Ireland,,
18592,I. Ndiaye,Iliman Cheikh Baroy Ndiaye,Midfielder,Senegal,,
344247,Luca Gunter,Luca Gunter,Goalkeeper,England,,
467839,J. Byfield,Jun'ai Byfield,Defender,England,,
459203,M. Hardy,Malachi Hardy,Defender,England,,
584077,T. Hall,,Midfielder,,,
310531,Rio Kyerematen,Rio Kyerematen,Midfielder,England,,
394935,M. Melia,Mason Melia,Attacker,Republic of Ireland,,
557391,T. Thompson,,Attacker,,,
465310,L. Williams-Barnett,Luca Jamie Williams-Barnett,Midfielder,England,,
253,A. Areola,Alphonse Francis Areola,Goalkeeper,France,,
15870,M. Hermansen,Mads Hermansen,Goalkeeper,Denmark,,
337932,F. Herrick,Finaly Herrick,Goalkeeper,England,,
409303,E. Diouf,El Hadji Malick Diouf,Defender,Senegal,,
21998,A. Disasi,Axel Wilson Arthur Disasi Mhakinis Belho,Defender,France,,
557541,A. Golambeckis,,Defender,,,
18744,M. Kilman,Maximilian William Kilman,Defender,England,,
1445,K. Mavropanos,Konstantinos Mavropanos,Defender,Greece,,
553065,E. Mayers,,Defender,,,
327730,O. Scarles,Oliver Scarles,Defender,England,,
138,J. Todibo,Jean-Clair Dimitri Roger Todibo,Defender,France,,
171,K. Walker-Peters,Kyle Leonardus Walker-Peters,Defender,England,,
18846,A. Wan-Bissaka,Aaron Wan-Bissaka,Defender,England,,
336585,Mateus Fernandes,Mateus Gonçalo Espanha Fernandes,Midfielder,Portugal,,
401278,M. Kanté,Mohamadou Kanté,Midfielder,France,,
358969,K. Lamadrid,Keiber Alberto Lamadrid Briceño,Midfielder,Venezuela,,
326176,S. Magassa,Soungoutou Magassa,Midfielder,France,,
288118,L. Orford,Lewis Orford,Midfielder,England,,
284446,F. Potts,Freddie Potts,Midfielder,England,,
1243,T. Souček,Tomáš Souček,Midfielder,Czechia,,
557409,J. Ajala,,Attacker,,,
19428,J. Bowen,Jarrod Bowen,Attacker,England,,
50856,V. Castellanos,Valentín Mariano José Castellanos Giménez,Attacker,Argentina,,
301187,Pablo,Pablo Felipe Pereira de Jesus,Attacker,Portugal,,
37724,C. Summerville,Crysencio Jilbert Sylverio Cir Summerville,Attacker,Netherlands,,
18753,Adama Traoré,Adama Traoré Diarra,Attacker,Spain,,
2939,C. Wilson,Callum Eddie Graham Wilson,Attacker,England,,
286616,F. Jörgensen,Filip Jörgensen,Goalkeeper,Denmark,,
287868,Max Merrick,Max Merrick,Goalkeeper,England,,
18959,Robert Sánchez,Robert Lynch Sánchez,Goalkeeper,Spain,,
180940,T. Sharman-Lowe,Teddy Samuel Sharman-Lowe,Goalkeeper,England,,
64167,G. Słonina,Gabriel Paweł Słonina,Goalkeeper,USA,,
366735,Joshua Kofi Acheampong,Joshua Kofi Acheampong,Defender,England,,
19145,T. Adarabioyo,Abdul-Nasir Oluwatosin Oluwadoyinsolami Adarabioyo,Defender,England,,
95,B. Badiashile,Benoît Ntambue Badiashile Mukinayi Baya,Defender,France,,
19720,T. Chalobah,Trevoh Thomas Chalobah,Defender,England,,
47380,Marc Cucurella,Marc Cucurella Saseta,Defender,Spain,,
22094,W. Fofana,Wesley Tidjan Fofana,Defender,France,,
161907,M. Gusto,Malo Gusto,Defender,France,,
341642,J. Hato,Jorrel Hato,Defender,Netherlands,,
19545,R. James,Reece Lewis James,Midfielder,England,,
276184,M. Sarr,Mamadou Sarr,Defender,France,,
305834,Andrey Santos,Andrey Nascimento dos Santos,Midfielder,Brazil,,
116117,M. Caicedo,Moisés Isaac Caicedo Corozo,Midfielder,Ecuador,,
417653,J. Derry,Jesse Derry,Attacker,England,,
308678,Dário Essugo,Dário Cassia Luís Essugo,Midfielder,Portugal,,
5996,E. Fernández,Enzo Jeremías Fernández,Midfielder,Argentina,,
610563,C. Holland,,Midfielder,,,
557379,R. Kavuma McQueen,,Attacker,,,
282125,R. Lavia,Roméo Lavia,Midfielder,Belgium,,
152982,C. Palmer,Cole Jermaine Palmer,Midfielder,England,,
482888,R. Walsh,Reggie Walsh,Midfielder,England,,
161948,L. Delap,Liam Rory Delap,Attacker,England,,
425733,Estêvão,Estêvão Willian Almeida de Oliveira Gonçalves,Attacker,Brazil,,
284324,A. Garnacho,Alejandro Garnacho Ferreyra,Attacker,Argentina,,
286894,J. Bynoe-Gittens,Jamie Jermaine Bynoe-Gittens,Midfielder,England,,
392270,Marc Guiu,Marc Guiu Paz,Attacker,Spain,,
10329,João Pedro,João Pedro Junqueira de Jesus,Attacker,Brazil,,
359117,Shumaira Mheuka,Shumaira Mheuka,Attacker,England,,
1864,Pedro Neto,Pedro Lomba Neto,Midfielder,Portugal,,
19012,M. Bettinelli,Marcus Bettinelli,Goalkeeper,England,,
162489,J. Trafford,James Harrington Trafford,Goalkeeper,England,,
21138,R. Aït-Nouri,Rayan Aït-Nouri,Midfielder,Algeria,,
18861,N. Aké,Nathan Benjamin Aké,Defender,Netherlands,,
293168,Max Alleyne,Max Alleyne,Defender,England,,
567,Rúben Dias,Rúben dos Santos Gato Alves Dias,Defender,Portugal,,
67971,M. Guéhi,Addji Keaninkin Marc-Israel Guéhi,Defender,England,,
129033,J. Gvardiol,Joško Gvardiol,Defender,Croatia,,
360114,A. Khusanov,Abduqodir Khusanov,Defender,Uzbekistan,,
284230,R. Lewis,Rico Henry Mark Lewis,Defender,England,,
626,J. Stones,John Stones,Defender,England,,
156477,R. Cherki,Mathis Rayan Cherki,Midfielder,France,,
631,P. Foden,Philip Walter Foden,Attacker,England,,
389034,Charlie Gray,Charlie Gray,Midfielder,England,,
2291,M. Kovačić,Mateo Kovačić,Midfielder,Croatia,,
442048,R. McAidoo,Ryan McAidoo,Attacker,England,,
161933,Nico González,Nicolás González Iglesias,Midfielder,Spain,,
41621,Matheus Nunes,Matheus Luiz Nunes,Midfielder,Portugal,,
323591,S. Nypan,Sverre Halseth Nypan,Midfielder,Norway,,
307123,N. O&apos;Reilly,Nico O'Reilly,Defender,England,,
36902,T. Reijnders,Tijjani Reijnders,Midfielder,Netherlands,,
44,Rodri,Rodrigo Hernández Cascante,Midfielder,Spain,,
568413,T. Samba,,Attacker,,,
636,Bernardo Silva,Bernardo Mota Veiga de Carvalho e Silva,Midfielder,Portugal,,
1422,J. Doku,Jérémy Baffour Doku,Attacker,Belgium,,
1100,E. Haaland,Erling Braut Haaland,Attacker,Norway,,
448969,Reigan Heskey,Reigan Heskey,Attacker,England,,
81573,Omar Marmoush,Omar Khaled Mohamed Abd Elsala Marmoush,Attacker,Egypt,,
266657,Sávio,Sávio Moreira de Oliveira,Attacker,Brazil,,
19281,A. Semenyo,Antoine Serlom Semenyo,Midfielder,Ghana,,
449076,Nils Ramming,Nils Ramming,Goalkeeper,Sweden,,
18960,J. Steele,Jason Sean Steele,Goalkeeper,England,,
129058,B. Verbruggen,Bart Verbruggen,Goalkeeper,Netherlands,,
22160,O. Boscagli,Olivier Maxime Boscagli,Defender,France,,
162007,M. De Cuyper,Maxim De Cuyper,Defender,Belgium,,
18963,L. Dunk,Lewis Carl Dunk,Defender,England,,
7600,Igor,Igor Júlio dos Santos de Paulo,Defender,Brazil,,
1361,F. Kadıoğlu,Ferdi Erenay Kadıoğlu,Midfielder,Türkiye,,
412086,F. Simmonds,Freddie Simmonds,Defender,England,,
328076,C. Tasker,Charlie Tasker,Defender,England,,
537,J. Veltman,Joël Ivo Veltman,Defender,Netherlands,,
38695,J. van Hecke,Jan Paul van Hecke,Defender,Netherlands,,
265820,Y. Ayari,Yasin Abbas Ayari,Midfielder,Sweden,,
356041,C. Baleba,Carlos Noom Quomah Baleba,Midfielder,Cameroon,,
278370,D. Gómez,Diego Alexander Gómez Amarilla,Midfielder,Paraguay,,
18970,P. Groß,Pascal Groß,Midfielder,Germany,,
305730,J. Hinshelwood,Jack Luca Hinshelwood,Midfielder,England,,
392610,H. Howell,Harry Howell,Midfielder,England,,
296,J. Milner,James Philip Milner,Midfielder,England,,
19030,M. O&apos;Riley,Matthew Sean O'Riley,Midfielder,Denmark,,
92993,M. Wieffer,Mats Wieffer,Defender,Netherlands,,
392482,C. Kostoulas,Charalampos Kostoulas,Attacker,Greece,,
18973,S. March,Solomon Benjamin March,Midfielder,England,,
383685,Y. Minteh,Yankuba Minteh Moat,Midfielder,Gambia,,
106835,K. Mitoma,Kaoru Mitoma,Attacker,Japan,,
553958,N. Oriola,,Attacker,,,
90590,G. Rutter,Georginio Rutter,Attacker,France,,
343311,S. Tzimas,Stefanos Tzimas,Attacker,Greece,,
1469,D. Welbeck,Daniel Nii Tackie Mensah Welbeck,Attacker,England,,
22157,W. Benítez,Walter Daniel Benítez,Goalkeeper,Argentina,,
19088,D. Henderson,Dean Bradley Henderson,Goalkeeper,England,,
19684,R. Matthews,Remi Luke Matthews,Goalkeeper,England,,
557414,D. Benamar,,Defender,,,
412759,J. Canvot,Jaydee Canvot,Defender,France,,
380703,Rio Cardines,Rio Cardines,Midfielder,England,,
18862,N. Clyne,Nathaniel Edwin Clyne,Defender,England,,
557584,G. King,,Defender,,,
20995,M. Lacroix,Maxence Guy Lacroix,Defender,France,,
182201,T. Mitchell,Tyrick Kwon Mitchell,Midfielder,England,,
13736,D. Muñoz,Daniel Muñoz Mejía,Defender,Colombia,,
278898,C. Riad,Chadi Riad Dnanou,Defender,Morocco,,
126949,C. Richards,Christopher Jeffrey Richards,Defender,USA,,
26303,B. Sosa,Borna Sosa,Defender,Croatia,,
286458,J. Devenny,Justin Devenny,Midfielder,Scotland,,
557413,J. Drakes-Thomas,,Attacker,,,
18806,W. Hughes,William James Hughes,Midfielder,England,,
2601,D. Kamada,Daichi Kamada,Midfielder,Japan,,
2490,J. Lerma,Jefferson Andrés Lerma Solís,Midfielder,Colombia,,
301295,K. Rodney,Kaden Kai Rodney,Midfielder,England,,
403554,Christantus Uche,Christantus Ugonna Uche,Midfielder,Spain,,
288102,A. Wharton,Adam James Wharton,Midfielder,England,,
557475,B. Casey,,Attacker,,,
137303,E. Guessand,Evann Guessand,Attacker,France,,
129711,B. Johnson,Brennan Price Johnson,Attacker,Wales,,
2032,J. Strand Larsen,Jørgen Strand Larsen,Attacker,Norway,,
557416,Z. Marsh,,Attacker,,,
25927,J. Mateta,Jean-Philippe Mateta,Attacker,France,,
1468,E. Nketiah,Edward Keddar Nketiah,Attacker,England,,
184226,Yeremy Pino,Yeremy Jesús Pino Santos,Midfielder,Spain,,
2218,I. Sarr,Ismaïla Sarr,Attacker,Senegal,,
19340,E. Balcombe,Ellery Ronald Balcombe,Goalkeeper,England,,
389579,J. Eyestone,Julian Eyestone,Goalkeeper,USA,,
281,C. Kelleher,Caoimhín Odhrán Kelleher,Goalkeeper,Republic of Ireland,,
61742,H. Valdimarsson,Hákon Rafn Valdimarsson,Goalkeeper,Iceland,,
1119,K. Ajer,Kristoffer Vassbakk Ajer,Defender,Norway,,
19495,N. Collins,Nathan Michael Collins,Defender,Republic of Ireland,,
19346,R. Henry,Rico Antonio Henry,Defender,England,,
44871,A. Hickey,Aaron Buchanan Hickey,Defender,Scotland,,
342022,M. Kayode,Michael Olabode Kayode,Defender,Italy,,
19789,E. Pinnock,Ethan Rupert Pinnock,Defender,Jamaica,,
577002,J. Stephenson,,Defender,,,
36922,S. van den Berg,Sepp van den Berg,Defender,Netherlands,,
513316,Luka Bentt,Luka Bentt,Midfielder,USA,,
153066,Fábio Carvalho,Fábio Leandro Freitas Gouveia de Carvalho,Midfielder,Portugal,,
15908,M. Damsgaard,Mikkel Krogh Damsgaard,Midfielder,Denmark,,
292,J. Henderson,Jordan Brian Henderson,Midfielder,England,,
25073,V. Janelt,Vitaly Janelt,Midfielder,Germany,,
47438,M. Jensen,Mathias Jensen,Midfielder,Denmark,,
106725,K. Lewis-Potter,Keane William Lewis-Potter,Defender,England,,
178077,K. Schade,Kevin Schade,Midfielder,Germany,,
263538,Y. Yarmolyuk,Yehor Yarmolyuk,Midfielder,Ukraine,,
402317,R. Donovan,Romelle Donovan,Midfielder,England,,
393193,Kaye Iyowuna Furo,Kaye Iyowuna Furo,Attacker,Belgium,,
727,R. Nelson,Reiss Luke Nelson,Attacker,England,,
284797,D. Ouattara,Dango Aboubacar Faissal Ouattara,Attacker,Burkina Faso,,
624708,O. Shield,,Defender,,,
196156,Thiago,Igor Thiago Nascimento Rodrigues,Attacker,Brazil,,
18885,K. Darlow,Karl Darlow,Goalkeeper,England,,
80296,Lucas Perri,Lucas Estella Perri,Goalkeeper,Brazil,,
20619,I. Meslier,Illan Stéphane Meslier,Goalkeeper,France,,
2279,E. Ampadu,Ethan Kwame Colm Raymond Ampadu,Defender,Wales,,
833,J. Bijol,Jaka Bijol,Defender,Slovenia,,
19201,J. Bogle,Jayden Ian Bogle,Midfielder,England,,
1408,S. Bornauw,Sebastiaan Bornauw,Defender,Belgium,,
19287,S. Byram,Samuel Mark Byram,Defender,England,,
47969,G. Gudmundsson,Gabriel Johan Gudmundsson,Midfielder,Sweden,,
19760,J. Justin,James Michael Justin,Midfielder,England,,
19321,J. Rodon,Joseph Peter Rodon,Defender,Wales,,
64003,P. Struijk,Pascal Augustus Struijk,Defender,Netherlands,,
50739,B. Aaronson,Brenden Russell Aaronson,Midfielder,USA,,
311334,F. Buonanotte,Facundo Valentín Buonanotte,Midfielder,Argentina,,
351344,S. Chambers,Samuel Nicholas Chambers,Midfielder,Scotland,,
129142,I. Gruev,Ilia Iliev Gruev,Midfielder,Bulgaria,,
19329,D. James,Daniel Owen James,Midfielder,Wales,,
18901,S. Longstaff,Sean David Longstaff,Midfielder,England,,
177665,A. Stach,Anton Levi Stach,Midfielder,Germany,,
32966,A. Tanaka,Ao Tanaka,Midfielder,Japan,,
18766,D. Calvert-Lewin,Dominic Nathaniel Calvert-Lewin,Attacker,England,,
162128,W. Gnonto,Degnand Wilfried Gnonto,Attacker,Italy,,
19461,L. Nmecha,Lukas Okechukwu Nmecha,Attacker,Germany,,
48389,N. Okafor,Noah Arinzechukwu Okafor,Attacker,Switzerland,,
250,J. Piroe,Joël Mohammed Ramzan Piroe,Attacker,Netherlands,,
329358,Aaron Bott,Aaron Bott,Goalkeeper,England,,
18933,A. Gunn,Angus Fraser James Gunn,Goalkeeper,Scotland,,
70366,John,John Victor Maciel Furtado,Goalkeeper,Brazil,,
25004,S. Ortega,Stefan Ortega Moreno,Goalkeeper,Germany,,
2919,M. Sels,Matz Willy Els Sels,Goalkeeper,Belgium,,
357238,Keehan Willows,Keehan Willows,Goalkeeper,England,,
329357,Z. Abbott,Zach Abbott,Defender,England,,
2771,O. Aina,Temitayo Olufisayo Olaoluwa Aina,Defender,Nigeria,,
18739,W. Boly,Willy-Arnaud Zobo Boly,Defender,Côte d'Ivoire,,
362711,Jair,Jair Paula da Cunha Filho,Defender,Brazil,,
2817,N. Milenković,Nikola Milenković,Defender,Serbia,,
67943,Morato,Felipe Rodrigues da Silva,Defender,Brazil,,
363695,Murillo,Murillo Santiago Costa dos Santos,Defender,Brazil,,
163069,L. Netz,Luca Netz,Defender,Germany,,
181806,N. Savona,Nicolò Savona,Defender,Italy,,
380663,J. Sinclair,Jimmy Sinclair,Midfielder,England,,
138780,N. Williams,Neco Shay Williams,Defender,Wales,,
138908,E. Anderson,Elliot Anderson,Midfielder,Scotland,,
6056,N. Domínguez,Nicolás Martín Domínguez,Midfielder,Argentina,,
18746,M. Gibbs-White,Morgan Anthony Gibbs-White,Midfielder,England,,
2298,C. Hudson-Odoi,Callum James Hudson-Odoi,Midfielder,England,,
158697,J. McAtee,James John McAtee,Midfielder,England,,
22149,I. Sangaré,Ibrahim Sangaré,Midfielder,Côte d'Ivoire,,
353968,A. Whitehall,Archie Harry Thomas Whitehall,Midfielder,England,,
19305,R. Yates,Ryan James Yates,Midfielder,England,,
8598,T. Awoniyi,Taiwo Micheal Awoniyi,Attacker,Nigeria,,
129695,D. Bakwa,Dilane Bakwa,Attacker,France,,
383771,Z. Blake,Zyan Blake,Attacker,England,,
284428,O. Hutchinson,Omari Elijah Giraud-Hutchinson,Midfielder,Jamaica,,
9366,Igor Jesus,Igor Jesus Maciel da Cruz,Attacker,Brazil,,
199089,L. Lucca,Lorenzo Lucca,Attacker,Italy,,
48648,D. Ndoye,Dan Assane Ndoye,Attacker,Switzerland,,
18931,C. Wood,Christopher Grant Wood,Attacker,New Zealand,,
36878,M. Bizot,Marco Bizot,Goalkeeper,Netherlands,,
19599,E. Martínez,Damián Emiliano Martínez Romero,Goalkeeper,Argentina,,
452427,R. Oakley,Russ Oakley,Goalkeeper,England,,
398004,S. Proctor,Sam Proctor,Goalkeeper,England,,
284390,J. Wright,James Wright,Goalkeeper,England,,
284457,L. Bogarde,Lamare Trenton Chansey Bogarde,Midfielder,Netherlands,,
19298,M. Cash,Matthew Stuart Cash,Midfielder,Poland,,
2724,L. Digne,Lucas Digne,Defender,France,,
388013,Andrés García,Andrés García Robledo,Defender,Spain,,
19354,E. Konsa,Ezri Konsa Ngoyo,Defender,England,,
889,V. Lindelöf,Victor Jörgen Nilsson Lindelöf,Defender,Sweden,,
138816,I. Maatsen,Ian Ethan Maatsen,Defender,Netherlands,,
19179,T. Mings,Tyrone Deon Mings,Defender,England,,
415107,Y. Mosquera,Yeimar Jesús Mosquera Mosquera,Defender,Colombia,,
482915,L. Routh,Leon Routh,Defender,England,,
46815,Pau Torres,Pau Francisco Torres,Defender,Spain,,
2287,R. Barkley,Ross Barkley,Midfielder,England,,
19071,E. Buendía,Emiliano Buendía Stati,Midfielder,Argentina,,
453101,B. Burrows,Bradley-Paul Burrowes,Midfielder,England,,
416250,T. Carroll,Theodore Carroll,Defender,England,,
47522,Douglas Luiz,Douglas Luiz Soares de Paulo,Midfielder,Brazil,,
19035,H. Elliott,Harvey Daniel James Elliott,Midfielder,England,,
364566,George Hemmings,George Hemmings,Midfielder,England,,
1904,B. Kamara,Boubacar Bernard Kamara,Midfielder,France,,
553420,M. Kone,,Midfielder,,,
19191,J.  McGinn,John McGinn,Midfielder,Scotland,,
162714,A. Onana,Amadou Ba Zeund Georges Mvom Onana,Midfielder,Belgium,,
19170,M. Rogers,Morgan Elliot Rogers,Midfielder,England,,
2926,Y. Tielemans,Youri Marion A. Tielemans,Midfielder,Belgium,,
19194,T. Abraham,Tammy Bakumo-Abraham,Attacker,England,,
464004,Alysson Edward,Alysson Edward Franco da Rocha dos Santos,Attacker,Brazil,,
983,L. Bailey,Leon Patrick Bailey Butler,Midfielder,Jamaica,,
514519,Brian Madjo,Brian Djomeni Madjo,Attacker,England,,
553848,T. Mulley,,Attacker,,,
18,J. Sancho,Jadon Malik Sancho,Midfielder,England,,
19366,O. Watkins,Oliver George Arthur Watkins,Attacker,England,,
278454,M. Ellborg,Melker Åke Ellborg,Goalkeeper,Sweden,,
19089,S. Moore,Simon William Moore,Goalkeeper,England,,
194536,R. Roefs,Robin Roefs,Goalkeeper,Netherlands,,
6168,O. Alderete,Omar Federico Alderete Fernández,Defender,Paraguay,,
55904,D. Ballard,Daniel George Ballard,Defender,Northern Ireland,,
162076,D. Cirkin,Dennis Cirkin,Defender,England,,
37143,L. Geertruida,Lutsharel Geertruida,Defender,Netherlands,,
119121,T. Hume,Trai Hume,Defender,Northern Ireland,,
557488,J. Jones,,Defender,,,
22225,Reinildo,Reinildo Isnard Mandava,Defender,Mozambique,,
1146,N. Mukiele,Nordi Mukiele Mulere,Defender,France,,
19911,L. O&apos;Nien,Luke Terry O'Nien,Defender,England,,
554280,J. T. Bi,,Midfielder,,,
327631,H. Diarra,Mouhamadou Habib Diarra,Midfielder,France,,
330640,Harrison Jones,Harrison Jones,Midfielder,England,,
381014,Jenson Jones,Jenson Oliver Jones,Midfielder,England,,
20638,E. Le Fée,Enzo Jérémy Le Fée,Midfielder,France,,
339201,C. Rigg,Christopher Rigg,Midfielder,England,,
365331,N. Sadiki,Noah Junior Sadiki,Midfielder,Belgium,,
362766,J. Whittaker,Jack Whittaker,Midfielder,England,,
1464,G. Xhaka,Granit Xhaka,Midfielder,Switzerland,,
388461,A. Abdullahi,Ahmed Abdullahi,Attacker,Nigeria,,
428076,M. Aleksić,Milan Aleksić,Midfielder,Serbia,,
311543,N. Angulo,Nilson David Angulo Ramírez,Midfielder,Ecuador,,
38750,B. Brobbey,Brian Ebenezer Adjei Brobbey,Attacker,Netherlands,,
84087,W. Isidor,Wilson Isidor,Attacker,France,,
349799,Eliezer Mayenda,Eliezer Mayenda Dossou,Attacker,Spain,,
284414,R. Mundle,Romaine Lee Mundle,Attacker,England,,
336659,C. Talbi,Chemsdine Talbi,Midfielder,Morocco,,
671,B. Traoré,Bertrand Isidore Traoré,Attacker,Burkina Faso,,
